id,product_type,date,placement_id,consumption,placment_name
Ice Cream Bar - Hageen Daz To,chilled desserts,02-11-18,1,60,entrance
Ice Cream Bar - Hageen Daz To,chilled desserts,03-11-18,2,280,neardairyproducts
Ice Cream Bar - Hageen Daz To,chilled desserts,04-11-18,3,200,nearalcohol
Ice Cream Bar - Hageen Daz To,chilled desserts,05-11-18,2,180,neardairyproducts
Ice Cream Bar - Hageen Daz To,chilled desserts,06-11-18,1,140,entrance
Ice Cream Bar - Hageen Daz To,chilled desserts,07-11-18,1,240,entrance
Ice Cream Bar - Hageen Daz To,chilled desserts,08-11-18,2,260,neardairyproducts
Ice Cream Bar - Hageen Daz To,chilled desserts,09-11-18,1,164,entrance
Ice Cream Bar - Hageen Daz To,chilled desserts,10-11-18,2,191,neardairyproducts
Ice Cream Bar - Hageen Daz To,chilled desserts,11-11-18,1,187,entrance
Ice Cream Bar - Hageen Daz To,chilled desserts,12-11-18,2,274,neardairyproducts
Ice Cream Bar - Hageen Daz To,chilled desserts,13-11-18,2,163,neardairyproducts
Ice Cream Bar - Hageen Daz To,chilled desserts,14-11-18,3,230,nearalcohol
Ice Cream Bar - Hageen Daz To,chilled desserts,15-11-18,3,216,nearalcohol
Ice Cream Bar - Hageen Daz To,chilled desserts,16-11-18,3,180,nearalcohol
Ice Cream Bar - Hageen Daz To,chilled desserts,17-11-18,3,189,nearalcohol
Ice Cream Bar - Hageen Daz To,chilled desserts,18-11-18,2,197,neardairyproducts
Ice Cream Bar - Hageen Daz To,chilled desserts,19-11-18,3,133,nearalcohol
Ice Cream Bar - Hageen Daz To,chilled desserts,20-11-18,2,193,neardairyproducts
Ice Cream Bar - Hageen Daz To,chilled desserts,21-11-18,2,196,neardairyproducts
Ice Cream Bar - Hageen Daz To,chilled desserts,22-11-18,3,103,nearalcohol
Ice Cream Bar - Hageen Daz To,chilled desserts,23-11-18,3,218,nearalcohol
Ice Cream Bar - Hageen Daz To,chilled desserts,24-11-18,3,182,nearalcohol
Ice Cream Bar - Hageen Daz To,chilled desserts,25-11-18,1,100,entrance
Ice Cream Bar - Hageen Daz To,chilled desserts,26-11-18,2,272,neardairyproducts
Ice Cream Bar - Hageen Daz To,chilled desserts,27-11-18,3,138,nearalcohol
Ice Cream Bar - Hageen Daz To,chilled desserts,28-11-18,2,193,neardairyproducts
Ice Cream Bar - Hageen Daz To,chilled desserts,29-11-18,2,101,neardairyproducts
Ice Cream Bar - Hageen Daz To,chilled desserts,30-11-18,2,120,neardairyproducts
Ice Cream Bar - Hageen Daz To,chilled desserts,01-12-18,1,354,entrance
Ice Cream Bar - Hageen Daz To,chilled desserts,02-12-18,2,216,neardairyproducts
Ice Cream Bar - Hageen Daz To,chilled desserts,03-12-18,3,169,nearalcohol
Ice Cream Bar - Hageen Daz To,chilled desserts,04-12-18,1,260,entrance
Ice Cream Bar - Hageen Daz To,chilled desserts,05-12-18,1,88,entrance
Ice Cream Bar - Hageen Daz To,chilled desserts,06-12-18,3,63,nearalcohol
Ice Cream Bar - Hageen Daz To,chilled desserts,07-12-18,3,158,nearalcohol
Ice Cream Bar - Hageen Daz To,chilled desserts,08-12-18,3,100,nearalcohol
Ice Cream Bar - Hageen Daz To,chilled desserts,09-12-18,2,173,neardairyproducts
Ice Cream Bar - Hageen Daz To,chilled desserts,10-12-18,2,232,neardairyproducts
Ice Cream Bar - Hageen Daz To,chilled desserts,11-12-18,1,192,entrance
Ice Cream Bar - Hageen Daz To,chilled desserts,12-12-18,1,270,entrance
Ice Cream Bar - Hageen Daz To,chilled desserts,13-12-18,2,148,neardairyproducts
Ice Cream Bar - Hageen Daz To,chilled desserts,14-12-18,1,217,entrance
Ice Cream Bar - Hageen Daz To,chilled desserts,15-12-18,1,229,entrance
Ice Cream Bar - Hageen Daz To,chilled desserts,16-12-18,2,156,neardairyproducts
Ice Cream Bar - Hageen Daz To,chilled desserts,17-12-18,1,271,entrance
Ice Cream Bar - Hageen Daz To,chilled desserts,18-12-18,3,243,nearalcohol
Ice Cream Bar - Hageen Daz To,chilled desserts,19-12-18,2,159,neardairyproducts
Ice Cream Bar - Hageen Daz To,chilled desserts,20-12-18,3,251,nearalcohol
Ice Cream Bar - Hageen Daz To,chilled desserts,21-12-18,2,160,neardairyproducts
Ice Cream Bar - Hageen Daz To,chilled desserts,22-12-18,1,121,entrance
Ice Cream Bar - Hageen Daz To,chilled desserts,23-12-18,2,135,neardairyproducts
Ice Cream Bar - Hageen Daz To,chilled desserts,24-12-18,2,79,neardairyproducts
Ice Cream Bar - Hageen Daz To,chilled desserts,25-12-18,1,101,entrance
Ice Cream Bar - Hageen Daz To,chilled desserts,26-12-18,1,175,entrance
Ice Cream Bar - Hageen Daz To,chilled desserts,27-12-18,1,259,entrance
Ice Cream Bar - Hageen Daz To,chilled desserts,28-12-18,1,128,entrance
Ice Cream Bar - Hageen Daz To,chilled desserts,29-12-18,3,177,nearalcohol
Ice Cream Bar - Hageen Daz To,chilled desserts,30-12-18,1,216,entrance
Ice Cream Bar - Hageen Daz To,chilled desserts,31-12-18,1,161,entrance
Ice Cream Bar - Hageen Daz To,chilled desserts,01-01-19,2,252,neardairyproducts
Ice Cream Bar - Hageen Daz To,chilled desserts,02-01-19,3,460,nearalcohol
Ice Cream Bar - Hageen Daz To,chilled desserts,03-01-19,2,508,neardairyproducts
Ice Cream Bar - Hageen Daz To,chilled desserts,04-01-19,1,291,entrance
Ice Cream Bar - Hageen Daz To,chilled desserts,05-01-19,2,225,neardairyproducts
Ice Cream Bar - Hageen Daz To,chilled desserts,06-01-19,2,267,neardairyproducts
Ice Cream Bar - Hageen Daz To,chilled desserts,07-01-19,3,178,nearalcohol
Ice Cream Bar - Hageen Daz To,chilled desserts,08-01-19,3,287,nearalcohol
Ice Cream Bar - Hageen Daz To,chilled desserts,09-01-19,2,253,neardairyproducts
Ice Cream Bar - Hageen Daz To,chilled desserts,10-01-19,1,306,entrance
Ice Cream Bar - Hageen Daz To,chilled desserts,11-01-19,1,265,entrance
Ice Cream Bar - Hageen Daz To,chilled desserts,12-01-19,2,120,neardairyproducts
Ice Cream Bar - Hageen Daz To,chilled desserts,13-01-19,2,233,neardairyproducts
Ice Cream Bar - Hageen Daz To,chilled desserts,14-01-19,3,175,nearalcohol
Ice Cream Bar - Hageen Daz To,chilled desserts,15-01-19,2,176,neardairyproducts
Ice Cream Bar - Hageen Daz To,chilled desserts,16-01-19,1,363,entrance
Ice Cream Bar - Hageen Daz To,chilled desserts,17-01-19,2,300,neardairyproducts
Ice Cream Bar - Hageen Daz To,chilled desserts,18-01-19,3,482,nearalcohol
Ice Cream Bar - Hageen Daz To,chilled desserts,19-01-19,1,281,entrance
Ice Cream Bar - Hageen Daz To,chilled desserts,20-01-19,3,157,nearalcohol
Ice Cream Bar - Hageen Daz To,chilled desserts,21-01-19,3,179,nearalcohol
Ice Cream Bar - Hageen Daz To,chilled desserts,22-01-19,1,245,entrance
Ice Cream Bar - Hageen Daz To,chilled desserts,23-01-19,1,171,entrance
Ice Cream Bar - Hageen Daz To,chilled desserts,24-01-19,2,438,neardairyproducts
Ice Cream Bar - Hageen Daz To,chilled desserts,25-01-19,1,123,entrance
Ice Cream Bar - Hageen Daz To,chilled desserts,26-01-19,3,303,nearalcohol
Ice Cream Bar - Hageen Daz To,chilled desserts,27-01-19,3,183,nearalcohol
Ice Cream Bar - Hageen Daz To,chilled desserts,28-01-19,2,287,neardairyproducts
Ice Cream Bar - Hageen Daz To,chilled desserts,29-01-19,1,278,entrance
Ice Cream Bar - Hageen Daz To,chilled desserts,30-01-19,2,358,neardairyproducts
Ice Cream Bar - Hageen Daz To,chilled desserts,31-01-19,2,80,neardairyproducts
Ice Cream Bar - Hageen Daz To,chilled desserts,01-02-19,2,38,neardairyproducts
Ice Cream Bar - Hageen Daz To,chilled desserts,02-02-19,1,230,entrance
Ice Cream Bar - Hageen Daz To,chilled desserts,03-02-19,2,59,neardairyproducts
Ice Cream Bar - Hageen Daz To,chilled desserts,04-02-19,2,80,neardairyproducts
Ice Cream Bar - Hageen Daz To,chilled desserts,05-02-19,1,84,entrance
Ice Cream Bar - Hageen Daz To,chilled desserts,06-02-19,1,59,entrance
Ice Cream Bar - Hageen Daz To,chilled desserts,07-02-19,1,376,entrance
Ice Cream Bar - Hageen Daz To,chilled desserts,08-02-19,3,244,nearalcohol
Ice Cream Bar - Hageen Daz To,chilled desserts,09-02-19,1,175,entrance
Ice Cream Bar - Hageen Daz To,chilled desserts,10-02-19,3,99,nearalcohol
Ice Cream Bar - Hageen Daz To,chilled desserts,11-02-19,1,363,entrance
Ice Cream Bar - Hageen Daz To,chilled desserts,12-02-19,3,162,nearalcohol
Ice Cream Bar - Hageen Daz To,chilled desserts,13-02-19,1,325,entrance
Ice Cream Bar - Hageen Daz To,chilled desserts,14-02-19,2,327,neardairyproducts
Ice Cream Bar - Hageen Daz To,chilled desserts,15-02-19,3,159,nearalcohol
Ice Cream Bar - Hageen Daz To,chilled desserts,16-02-19,2,247,neardairyproducts
Ice Cream Bar - Hageen Daz To,chilled desserts,17-02-19,2,137,neardairyproducts
Ice Cream Bar - Hageen Daz To,chilled desserts,18-02-19,1,303,entrance
Ice Cream Bar - Hageen Daz To,chilled desserts,19-02-19,2,299,neardairyproducts
Ice Cream Bar - Hageen Daz To,chilled desserts,20-02-19,2,392,neardairyproducts
Ice Cream Bar - Hageen Daz To,chilled desserts,21-02-19,3,220,nearalcohol
Ice Cream Bar - Hageen Daz To,chilled desserts,22-02-19,1,388,entrance
Ice Cream Bar - Hageen Daz To,chilled desserts,23-02-19,2,262,neardairyproducts
Ice Cream Bar - Hageen Daz To,chilled desserts,24-02-19,3,106,nearalcohol
Ice Cream Bar - Hageen Daz To,chilled desserts,25-02-19,2,354,neardairyproducts
Ice Cream Bar - Hageen Daz To,chilled desserts,26-02-19,1,217,entrance
Ice Cream Bar - Hageen Daz To,chilled desserts,27-02-19,1,413,entrance
Ice Cream Bar - Hageen Daz To,chilled desserts,28-02-19,1,179,entrance
Ice Cream Bar - Hageen Daz To,chilled desserts,01-03-19,1,142,entrance
Ice Cream Bar - Hageen Daz To,chilled desserts,02-03-19,3,339,nearalcohol
Ice Cream Bar - Hageen Daz To,chilled desserts,03-03-19,1,104,entrance
Ice Cream Bar - Hageen Daz To,chilled desserts,04-03-19,3,242,nearalcohol
Ice Cream Bar - Hageen Daz To,chilled desserts,05-03-19,2,301,neardairyproducts
Ice Cream Bar - Hageen Daz To,chilled desserts,06-03-19,2,305,neardairyproducts
Ice Cream Bar - Hageen Daz To,chilled desserts,07-03-19,1,267,entrance
Ice Cream Bar - Hageen Daz To,chilled desserts,08-03-19,1,136,entrance
Ice Cream Bar - Hageen Daz To,chilled desserts,09-03-19,2,382,neardairyproducts
Ice Cream Bar - Hageen Daz To,chilled desserts,10-03-19,2,143,neardairyproducts
Ice Cream Bar - Hageen Daz To,chilled desserts,11-03-19,3,242,nearalcohol
Ice Cream Bar - Hageen Daz To,chilled desserts,12-03-19,2,265,neardairyproducts
Ice Cream Bar - Hageen Daz To,chilled desserts,13-03-19,1,80,entrance
Ice Cream Bar - Hageen Daz To,chilled desserts,14-03-19,2,221,neardairyproducts
Ice Cream Bar - Hageen Daz To,chilled desserts,15-03-19,1,525,entrance
Ice Cream Bar - Hageen Daz To,chilled desserts,16-03-19,1,120,entrance
Ice Cream Bar - Hageen Daz To,chilled desserts,17-03-19,1,197,entrance
Ice Cream Bar - Hageen Daz To,chilled desserts,18-03-19,2,236,neardairyproducts
Ice Cream Bar - Hageen Daz To,chilled desserts,19-03-19,2,213,neardairyproducts
Ice Cream Bar - Hageen Daz To,chilled desserts,20-03-19,3,419,nearalcohol
Ice Cream Bar - Hageen Daz To,chilled desserts,21-03-19,2,141,neardairyproducts
Ice Cream Bar - Hageen Daz To,chilled desserts,22-03-19,2,219,neardairyproducts
Ice Cream Bar - Hageen Daz To,chilled desserts,23-03-19,3,120,nearalcohol
Ice Cream Bar - Hageen Daz To,chilled desserts,24-03-19,1,59,entrance
Ice Cream Bar - Hageen Daz To,chilled desserts,25-03-19,3,316,nearalcohol
Ice Cream Bar - Hageen Daz To,chilled desserts,26-03-19,3,160,nearalcohol
Ice Cream Bar - Hageen Daz To,chilled desserts,27-03-19,2,179,neardairyproducts
Ice Cream Bar - Hageen Daz To,chilled desserts,28-03-19,3,257,nearalcohol
Ice Cream Bar - Hageen Daz To,chilled desserts,29-03-19,2,377,neardairyproducts
Ice Cream Bar - Hageen Daz To,chilled desserts,30-03-19,1,173,entrance
Ice Cream Bar - Hageen Daz To,chilled desserts,31-03-19,1,75,entrance
Ice Cream Bar - Hageen Daz To,chilled desserts,01-04-19,3,139,nearalcohol
Ice Cream Bar - Hageen Daz To,chilled desserts,02-04-19,1,154,entrance
Ice Cream Bar - Hageen Daz To,chilled desserts,03-04-19,2,271,neardairyproducts
Ice Cream Bar - Hageen Daz To,chilled desserts,04-04-19,2,115,neardairyproducts
Ice Cream Bar - Hageen Daz To,chilled desserts,05-04-19,2,281,neardairyproducts
Ice Cream Bar - Hageen Daz To,chilled desserts,06-04-19,3,145,nearalcohol
Ice Cream Bar - Hageen Daz To,chilled desserts,07-04-19,1,22,entrance
Ice Cream Bar - Hageen Daz To,chilled desserts,08-04-19,3,179,nearalcohol
Ice Cream Bar - Hageen Daz To,chilled desserts,09-04-19,2,202,neardairyproducts
Ice Cream Bar - Hageen Daz To,chilled desserts,10-04-19,1,112,entrance
Ice Cream Bar - Hageen Daz To,chilled desserts,11-04-19,2,342,neardairyproducts
Ice Cream Bar - Hageen Daz To,chilled desserts,12-04-19,3,386,nearalcohol
Ice Cream Bar - Hageen Daz To,chilled desserts,13-04-19,2,168,neardairyproducts
Ice Cream Bar - Hageen Daz To,chilled desserts,14-04-19,1,57,entrance
Ice Cream Bar - Hageen Daz To,chilled desserts,15-04-19,3,195,nearalcohol
Ice Cream Bar - Hageen Daz To,chilled desserts,16-04-19,3,253,nearalcohol
Ice Cream Bar - Hageen Daz To,chilled desserts,17-04-19,2,205,neardairyproducts
Ice Cream Bar - Hageen Daz To,chilled desserts,18-04-19,1,304,entrance
Ice Cream Bar - Hageen Daz To,chilled desserts,19-04-19,1,178,entrance
Ice Cream Bar - Hageen Daz To,chilled desserts,20-04-19,1,433,entrance
Ice Cream Bar - Hageen Daz To,chilled desserts,21-04-19,1,108,entrance
Ice Cream Bar - Hageen Daz To,chilled desserts,22-04-19,2,294,neardairyproducts
Ice Cream Bar - Hageen Daz To,chilled desserts,23-04-19,3,277,nearalcohol
Ice Cream Bar - Hageen Daz To,chilled desserts,24-04-19,3,140,nearalcohol
Ice Cream Bar - Hageen Daz To,chilled desserts,25-04-19,1,82,entrance
Ice Cream Bar - Hageen Daz To,chilled desserts,26-04-19,3,229,nearalcohol
Ice Cream Bar - Hageen Daz To,chilled desserts,27-04-19,1,154,entrance
Ice Cream Bar - Hageen Daz To,chilled desserts,28-04-19,3,253,nearalcohol
Ice Cream Bar - Hageen Daz To,chilled desserts,29-04-19,1,260,entrance
Ice Cream Bar - Hageen Daz To,chilled desserts,30-04-19,2,171,neardairyproducts
Ice Cream Bar - Hageen Daz To,chilled desserts,01-05-19,1,297,entrance
Ice Cream Bar - Hageen Daz To,chilled desserts,02-05-19,1,297,entrance
Ice Cream Bar - Hageen Daz To,chilled desserts,03-05-19,1,268,entrance
Ice Cream Bar - Hageen Daz To,chilled desserts,04-05-19,2,58,neardairyproducts
Ice Cream Bar - Hageen Daz To,chilled desserts,05-05-19,1,123,entrance
Ice Cream Bar - Hageen Daz To,chilled desserts,06-05-19,2,116,neardairyproducts
Ice Cream Bar - Hageen Daz To,chilled desserts,07-05-19,1,173,entrance
Ice Cream Bar - Hageen Daz To,chilled desserts,08-05-19,3,273,nearalcohol
Ice Cream Bar - Hageen Daz To,chilled desserts,09-05-19,2,198,neardairyproducts
Ice Cream Bar - Hageen Daz To,chilled desserts,10-05-19,2,123,neardairyproducts
Ice Cream Bar - Hageen Daz To,chilled desserts,11-05-19,1,174,entrance
Ice Cream Bar - Hageen Daz To,chilled desserts,12-05-19,2,82,neardairyproducts
Ice Cream Bar - Hageen Daz To,chilled desserts,13-05-19,2,99,neardairyproducts
Ice Cream Bar - Hageen Daz To,chilled desserts,14-05-19,1,178,entrance
Ice Cream Bar - Hageen Daz To,chilled desserts,15-05-19,1,24,entrance
Ice Cream Bar - Hageen Daz To,chilled desserts,16-05-19,1,191,entrance
Ice Cream Bar - Hageen Daz To,chilled desserts,17-05-19,2,240,neardairyproducts
Ice Cream Bar - Hageen Daz To,chilled desserts,18-05-19,3,188,nearalcohol
Ice Cream Bar - Hageen Daz To,chilled desserts,19-05-19,2,99,neardairyproducts
Ice Cream Bar - Hageen Daz To,chilled desserts,20-05-19,3,147,nearalcohol
Ice Cream Bar - Hageen Daz To,chilled desserts,21-05-19,1,232,entrance
Ice Cream Bar - Hageen Daz To,chilled desserts,22-05-19,1,116,entrance
Ice Cream Bar - Hageen Daz To,chilled desserts,23-05-19,1,322,entrance
Ice Cream Bar - Hageen Daz To,chilled desserts,24-05-19,1,215,entrance
Ice Cream Bar - Hageen Daz To,chilled desserts,25-05-19,2,188,neardairyproducts
Ice Cream Bar - Hageen Daz To,chilled desserts,26-05-19,1,226,entrance
Ice Cream Bar - Hageen Daz To,chilled desserts,27-05-19,3,113,nearalcohol
Ice Cream Bar - Hageen Daz To,chilled desserts,28-05-19,3,278,nearalcohol
Ice Cream Bar - Hageen Daz To,chilled desserts,29-05-19,2,123,neardairyproducts
Ice Cream Bar - Hageen Daz To,chilled desserts,30-05-19,1,130,entrance
Ice Cream Bar - Hageen Daz To,chilled desserts,31-05-19,3,181,nearalcohol
Ice Cream Bar - Hageen Daz To,chilled desserts,01-06-19,2,304,neardairyproducts
Ice Cream Bar - Hageen Daz To,chilled desserts,02-06-19,3,106,nearalcohol
Ice Cream Bar - Hageen Daz To,chilled desserts,03-06-19,2,291,neardairyproducts
Ice Cream Bar - Hageen Daz To,chilled desserts,04-06-19,2,311,neardairyproducts
Ice Cream Bar - Hageen Daz To,chilled desserts,05-06-19,1,106,entrance
Ice Cream Bar - Hageen Daz To,chilled desserts,06-06-19,3,394,nearalcohol
Ice Cream Bar - Hageen Daz To,chilled desserts,07-06-19,3,243,nearalcohol
Ice Cream Bar - Hageen Daz To,chilled desserts,08-06-19,3,229,nearalcohol
Ice Cream Bar - Hageen Daz To,chilled desserts,09-06-19,1,41,entrance
Ice Cream Bar - Hageen Daz To,chilled desserts,10-06-19,1,321,entrance
Ice Cream Bar - Hageen Daz To,chilled desserts,11-06-19,2,106,neardairyproducts
Ice Cream Bar - Hageen Daz To,chilled desserts,12-06-19,2,339,neardairyproducts
Ice Cream Bar - Hageen Daz To,chilled desserts,13-06-19,1,147,entrance
Ice Cream Bar - Hageen Daz To,chilled desserts,14-06-19,1,171,entrance
Ice Cream Bar - Hageen Daz To,chilled desserts,15-06-19,1,85,entrance
Ice Cream Bar - Hageen Daz To,chilled desserts,16-06-19,3,106,nearalcohol
Ice Cream Bar - Hageen Daz To,chilled desserts,17-06-19,1,206,entrance
Ice Cream Bar - Hageen Daz To,chilled desserts,18-06-19,2,106,neardairyproducts
Ice Cream Bar - Hageen Daz To,chilled desserts,19-06-19,1,219,entrance
Ice Cream Bar - Hageen Daz To,chilled desserts,20-06-19,1,268,entrance
Ice Cream Bar - Hageen Daz To,chilled desserts,21-06-19,3,329,nearalcohol
Ice Cream Bar - Hageen Daz To,chilled desserts,22-06-19,3,123,nearalcohol
Ice Cream Bar - Hageen Daz To,chilled desserts,23-06-19,2,222,neardairyproducts
Ice Cream Bar - Hageen Daz To,chilled desserts,24-06-19,1,263,entrance
Ice Cream Bar - Hageen Daz To,chilled desserts,25-06-19,3,301,nearalcohol
Ice Cream Bar - Hageen Daz To,chilled desserts,26-06-19,3,280,nearalcohol
Ice Cream Bar - Hageen Daz To,chilled desserts,27-06-19,1,309,entrance
Ice Cream Bar - Hageen Daz To,chilled desserts,28-06-19,2,116,neardairyproducts
Ice Cream Bar - Hageen Daz To,chilled desserts,29-06-19,3,123,nearalcohol
Ice Cream Bar - Hageen Daz To,chilled desserts,30-06-19,2,150,neardairyproducts
Ice Cream Bar - Hageen Daz To,chilled desserts,01-07-19,2,205,neardairyproducts
Ice Cream Bar - Hageen Daz To,chilled desserts,02-07-19,1,177,entrance
Ice Cream Bar - Hageen Daz To,chilled desserts,03-07-19,1,219,entrance
Ice Cream Bar - Hageen Daz To,chilled desserts,04-07-19,3,147,nearalcohol
Ice Cream Bar - Hageen Daz To,chilled desserts,05-07-19,1,188,entrance
Ice Cream Bar - Hageen Daz To,chilled desserts,06-07-19,2,51,neardairyproducts
Ice Cream Bar - Hageen Daz To,chilled desserts,07-07-19,3,123,nearalcohol
Ice Cream Bar - Hageen Daz To,chilled desserts,08-07-19,2,171,neardairyproducts
Ice Cream Bar - Hageen Daz To,chilled desserts,09-07-19,1,307,entrance
Ice Cream Bar - Hageen Daz To,chilled desserts,10-07-19,2,266,neardairyproducts
Ice Cream Bar - Hageen Daz To,chilled desserts,11-07-19,1,191,entrance
Ice Cream Bar - Hageen Daz To,chilled desserts,12-07-19,2,106,neardairyproducts
Ice Cream Bar - Hageen Daz To,chilled desserts,13-07-19,3,109,nearalcohol
Ice Cream Bar - Hageen Daz To,chilled desserts,14-07-19,3,116,nearalcohol
Ice Cream Bar - Hageen Daz To,chilled desserts,15-07-19,2,335,neardairyproducts
Ice Cream Bar - Hageen Daz To,chilled desserts,16-07-19,1,236,entrance
Ice Cream Bar - Hageen Daz To,chilled desserts,17-07-19,1,222,entrance
Ice Cream Bar - Hageen Daz To,chilled desserts,18-07-19,3,147,nearalcohol
Ice Cream Bar - Hageen Daz To,chilled desserts,19-07-19,2,225,neardairyproducts
Ice Cream Bar - Hageen Daz To,chilled desserts,20-07-19,2,167,neardairyproducts
Ice Cream Bar - Hageen Daz To,chilled desserts,21-07-19,2,85,neardairyproducts
Ice Cream Bar - Hageen Daz To,chilled desserts,22-07-19,1,410,entrance
Ice Cream Bar - Hageen Daz To,chilled desserts,23-07-19,2,239,neardairyproducts
Ice Cream Bar - Hageen Daz To,chilled desserts,24-07-19,2,133,neardairyproducts
Ice Cream Bar - Hageen Daz To,chilled desserts,25-07-19,2,188,neardairyproducts
Ice Cream Bar - Hageen Daz To,chilled desserts,26-07-19,3,123,nearalcohol
Ice Cream Bar - Hageen Daz To,chilled desserts,27-07-19,3,99,nearalcohol
Ice Cream Bar - Hageen Daz To,chilled desserts,28-07-19,3,99,nearalcohol
Ice Cream Bar - Hageen Daz To,chilled desserts,29-07-19,3,236,nearalcohol
Ice Cream Bar - Hageen Daz To,chilled desserts,30-07-19,2,219,neardairyproducts
Ice Cream Bar - Hageen Daz To,chilled desserts,31-07-19,3,270,nearalcohol
Ice Cream Bar - Hageen Daz To,chilled desserts,01-08-19,1,225,entrance
Ice Cream Bar - Hageen Daz To,chilled desserts,02-08-19,2,171,neardairyproducts
Ice Cream Bar - Hageen Daz To,chilled desserts,03-08-19,1,202,entrance
Ice Cream Bar - Hageen Daz To,chilled desserts,04-08-19,2,68,neardairyproducts
Ice Cream Bar - Hageen Daz To,chilled desserts,05-08-19,1,75,entrance
Ice Cream Bar - Hageen Daz To,chilled desserts,06-08-19,2,205,neardairyproducts
Ice Cream Bar - Hageen Daz To,chilled desserts,07-08-19,1,167,entrance
Ice Cream Bar - Hageen Daz To,chilled desserts,08-08-19,3,116,nearalcohol
Ice Cream Bar - Hageen Daz To,chilled desserts,09-08-19,1,89,entrance
Ice Cream Bar - Hageen Daz To,chilled desserts,10-08-19,2,106,neardairyproducts
Ice Cream Bar - Hageen Daz To,chilled desserts,11-08-19,1,89,entrance
Ice Cream Bar - Hageen Daz To,chilled desserts,12-08-19,1,116,entrance
Ice Cream Bar - Hageen Daz To,chilled desserts,13-08-19,3,363,nearalcohol
Ice Cream Bar - Hageen Daz To,chilled desserts,14-08-19,2,280,neardairyproducts
Ice Cream Bar - Hageen Daz To,chilled desserts,15-08-19,1,424,entrance
Ice Cream Bar - Hageen Daz To,chilled desserts,16-08-19,3,256,nearalcohol
Ice Cream Bar - Hageen Daz To,chilled desserts,17-08-19,3,195,nearalcohol
Ice Cream Bar - Hageen Daz To,chilled desserts,18-08-19,1,174,entrance
Ice Cream Bar - Hageen Daz To,chilled desserts,19-08-19,1,198,entrance
Ice Cream Bar - Hageen Daz To,chilled desserts,20-08-19,3,147,nearalcohol
Ice Cream Bar - Hageen Daz To,chilled desserts,21-08-19,1,99,entrance
Ice Cream Bar - Hageen Daz To,chilled desserts,22-08-19,3,157,nearalcohol
Ice Cream Bar - Hageen Daz To,chilled desserts,23-08-19,2,311,neardairyproducts
Ice Cream Bar - Hageen Daz To,chilled desserts,24-08-19,3,99,nearalcohol
Ice Cream Bar - Hageen Daz To,chilled desserts,25-08-19,2,75,neardairyproducts
Ice Cream Bar - Hageen Daz To,chilled desserts,26-08-19,1,159,entrance
Ice Cream Bar - Hageen Daz To,chilled desserts,27-08-19,1,338,entrance
Ice Cream Bar - Hageen Daz To,chilled desserts,28-08-19,3,140,nearalcohol
Ice Cream Bar - Hageen Daz To,chilled desserts,29-08-19,1,236,entrance
Ice Cream Bar - Hageen Daz To,chilled desserts,30-08-19,3,410,nearalcohol
Ice Cream Bar - Hageen Daz To,chilled desserts,31-08-19,2,211,neardairyproducts
Ice Cream Bar - Hageen Daz To,chilled desserts,01-09-19,2,397,neardairyproducts
Ice Cream Bar - Hageen Daz To,chilled desserts,02-09-19,2,213,neardairyproducts
Ice Cream Bar - Hageen Daz To,chilled desserts,03-09-19,1,133,entrance
Ice Cream Bar - Hageen Daz To,chilled desserts,04-09-19,3,157,nearalcohol
Ice Cream Bar - Hageen Daz To,chilled desserts,05-09-19,2,171,neardairyproducts
Ice Cream Bar - Hageen Daz To,chilled desserts,06-09-19,3,257,nearalcohol
Ice Cream Bar - Hageen Daz To,chilled desserts,07-09-19,1,92,entrance
Ice Cream Bar - Hageen Daz To,chilled desserts,08-09-19,2,133,neardairyproducts
Ice Cream Bar - Hageen Daz To,chilled desserts,09-09-19,1,41,entrance
Ice Cream Bar - Hageen Daz To,chilled desserts,10-09-19,3,270,nearalcohol
Ice Cream Bar - Hageen Daz To,chilled desserts,11-09-19,1,92,entrance
Ice Cream Bar - Hageen Daz To,chilled desserts,12-09-19,3,270,nearalcohol
Ice Cream Bar - Hageen Daz To,chilled desserts,13-09-19,3,268,nearalcohol
Ice Cream Bar - Hageen Daz To,chilled desserts,14-09-19,3,96,nearalcohol
Ice Cream Bar - Hageen Daz To,chilled desserts,15-09-19,2,51,neardairyproducts
Ice Cream Bar - Hageen Daz To,chilled desserts,16-09-19,2,58,neardairyproducts
Ice Cream Bar - Hageen Daz To,chilled desserts,17-09-19,2,150,neardairyproducts
Ice Cream Bar - Hageen Daz To,chilled desserts,18-09-19,3,82,nearalcohol
Ice Cream Bar - Hageen Daz To,chilled desserts,19-09-19,2,181,neardairyproducts
Ice Cream Bar - Hageen Daz To,chilled desserts,20-09-19,3,165,nearalcohol
Ice Cream Bar - Hageen Daz To,chilled desserts,21-09-19,2,222,neardairyproducts
Ice Cream Bar - Hageen Daz To,chilled desserts,22-09-19,1,114,entrance
Ice Cream Bar - Hageen Daz To,chilled desserts,23-09-19,1,130,entrance
Ice Cream Bar - Hageen Daz To,chilled desserts,24-09-19,2,283,neardairyproducts
Ice Cream Bar - Hageen Daz To,chilled desserts,25-09-19,2,41,neardairyproducts
Ice Cream Bar - Hageen Daz To,chilled desserts,26-09-19,2,89,neardairyproducts
Ice Cream Bar - Hageen Daz To,chilled desserts,27-09-19,2,99,neardairyproducts
Ice Cream Bar - Hageen Daz To,chilled desserts,28-09-19,1,68,entrance
Ice Cream Bar - Hageen Daz To,chilled desserts,29-09-19,1,191,entrance
Ice Cream Bar - Hageen Daz To,chilled desserts,30-09-19,1,323,entrance
Ice Cream Bar - Hageen Daz To,chilled desserts,01-10-19,3,123,nearalcohol
Ice Cream Bar - Hageen Daz To,chilled desserts,02-10-19,1,89,entrance
Ice Cream Bar - Hageen Daz To,chilled desserts,03-10-19,3,116,nearalcohol
Ice Cream Bar - Hageen Daz To,chilled desserts,04-10-19,2,113,neardairyproducts
Ice Cream Bar - Hageen Daz To,chilled desserts,05-10-19,3,68,nearalcohol
Ice Cream Bar - Hageen Daz To,chilled desserts,06-10-19,2,65,neardairyproducts
Ice Cream Bar - Hageen Daz To,chilled desserts,07-10-19,3,102,nearalcohol
Ice Cream Bar - Hageen Daz To,chilled desserts,08-10-19,3,151,nearalcohol
Ice Cream Bar - Hageen Daz To,chilled desserts,09-10-19,2,129,neardairyproducts
Ice Cream Bar - Hageen Daz To,chilled desserts,10-10-19,1,88,entrance
Ice Cream Bar - Hageen Daz To,chilled desserts,11-10-19,1,149,entrance
Ice Cream Bar - Hageen Daz To,chilled desserts,12-10-19,2,203,neardairyproducts
Ice Cream Bar - Hageen Daz To,chilled desserts,13-10-19,2,48,neardairyproducts
Ice Cream Bar - Hageen Daz To,chilled desserts,14-10-19,2,76,neardairyproducts
Ice Cream Bar - Hageen Daz To,chilled desserts,15-10-19,1,159,entrance
Ice Cream Bar - Hageen Daz To,chilled desserts,16-10-19,2,237,neardairyproducts
Ice Cream Bar - Hageen Daz To,chilled desserts,17-10-19,3,54,nearalcohol
Ice Cream Bar - Hageen Daz To,chilled desserts,18-10-19,1,178,entrance
Ice Cream Bar - Hageen Daz To,chilled desserts,19-10-19,3,163,nearalcohol
Ice Cream Bar - Hageen Daz To,chilled desserts,20-10-19,2,105,neardairyproducts
Ice Cream Bar - Hageen Daz To,chilled desserts,21-10-19,1,184,entrance
Ice Cream Bar - Hageen Daz To,chilled desserts,22-10-19,1,61,entrance
Ice Cream Bar - Hageen Daz To,chilled desserts,23-10-19,2,44,neardairyproducts
Ice Cream Bar - Hageen Daz To,chilled desserts,24-10-19,2,22,neardairyproducts
Ice Cream Bar - Hageen Daz To,chilled desserts,25-10-19,3,92,nearalcohol
Ice Cream Bar - Hageen Daz To,chilled desserts,26-10-19,3,166,nearalcohol
Ice Cream Bar - Hageen Daz To,chilled desserts,28-10-19,2,88,neardairyproducts
Ice Cream Bar - Hageen Daz To,chilled desserts,29-10-19,1,41,entrance
Ice Cream Bar - Hageen Daz To,chilled desserts,30-10-19,2,66,neardairyproducts
Ice Cream Bar - Hageen Daz To,chilled desserts,31-10-19,1,32,entrance
Ice Cream Bar - Hageen Daz To,chilled desserts,01-11-19,1,63,entrance
Ice Cream Bar - Hageen Daz To,chilled desserts,02-11-19,1,117,entrance
Ice Cream Bar - Hageen Daz To,chilled desserts,05-11-19,3,39,nearalcohol
Ice Cream Bar - Hageen Daz To,chilled desserts,06-11-19,1,48,entrance
Ice Cream Bar - Hageen Daz To,chilled desserts,07-11-19,2,113,neardairyproducts
Ice Cream Bar - Hageen Daz To,chilled desserts,08-11-19,3,58,nearalcohol
Ice Cream Bar - Hageen Daz To,chilled desserts,09-11-19,2,65,neardairyproducts
Ice Cream Bar - Hageen Daz To,chilled desserts,10-11-19,3,75,nearalcohol
Ice Cream Bar - Hageen Daz To,chilled desserts,11-11-19,1,17,entrance
Ice Cream Bar - Hageen Daz To,chilled desserts,12-11-19,2,17,neardairyproducts
Ice Cream Bar - Hageen Daz To,chilled desserts,13-11-19,1,24,entrance
Ice Cream Bar - Hageen Daz To,chilled desserts,14-11-19,2,48,neardairyproducts
Ice Cream Bar - Hageen Daz To,chilled desserts,15-11-19,3,17,nearalcohol
Ice Cream Bar - Hageen Daz To,chilled desserts,16-11-19,1,17,entrance
Ice Cream Bar - Hageen Daz To,chilled desserts,18-11-19,3,24,nearalcohol
Ice Cream Bar - Hageen Daz To,chilled desserts,19-11-19,1,25,entrance
Ice Cream Bar - Hageen Daz To,chilled desserts,20-11-19,1,58,entrance
Ice Cream Bar - Hageen Daz To,chilled desserts,21-11-19,1,174,entrance
Ice Cream Bar - Hageen Daz To,chilled desserts,22-11-19,1,109,entrance
Ice Cream Bar - Hageen Daz To,chilled desserts,23-11-19,1,82,entrance
Ice Cream Bar - Hageen Daz To,chilled desserts,24-11-19,1,48,entrance
Ice Cream Bar - Hageen Daz To,chilled desserts,25-11-19,1,106,entrance
Ice Cream Bar - Hageen Daz To,chilled desserts,26-11-19,1,263,entrance
Ice Cream Bar - Hageen Daz To,chilled desserts,27-11-19,1,116,entrance
Ice Cream Bar - Hageen Daz To,chilled desserts,28-11-19,1,123,entrance
Ice Cream Bar - Hageen Daz To,chilled desserts,29-11-19,1,123,entrance
Ice Cream Bar - Hageen Daz To,chilled desserts,30-11-19,2,80,neardairyproducts
Ice Cream Bar - Hageen Daz To,chilled desserts,01-12-19,3,148,nearalcohol
Ice Cream Bar - Hageen Daz To,chilled desserts,02-12-19,1,160,entrance
Ice Cream Bar - Hageen Daz To,chilled desserts,03-12-19,2,208,neardairyproducts
Ice Cream Bar - Hageen Daz To,chilled desserts,04-12-19,2,168,neardairyproducts
Ice Cream Bar - Hageen Daz To,chilled desserts,05-12-19,1,224,entrance
Ice Cream Bar - Hageen Daz To,chilled desserts,06-12-19,3,96,nearalcohol
Ice Cream Bar - Hageen Daz To,chilled desserts,07-12-19,2,100,neardairyproducts
Ice Cream Bar - Hageen Daz To,chilled desserts,08-12-19,3,24,nearalcohol
Ice Cream Bar - Hageen Daz To,chilled desserts,09-12-19,3,168,nearalcohol
Ice Cream Bar - Hageen Daz To,chilled desserts,10-12-19,2,192,neardairyproducts
Ice Cream Bar - Hageen Daz To,chilled desserts,11-12-19,1,240,entrance
Ice Cream Bar - Hageen Daz To,chilled desserts,12-12-19,3,144,nearalcohol
Ice Cream Bar - Hageen Daz To,chilled desserts,13-12-19,3,216,nearalcohol
Ice Cream Bar - Hageen Daz To,chilled desserts,14-12-19,1,120,entrance
Ice Cream Bar - Hageen Daz To,chilled desserts,15-12-19,3,72,nearalcohol
Ice Cream Bar - Hageen Daz To,chilled desserts,16-12-19,1,96,entrance
Ice Cream Bar - Hageen Daz To,chilled desserts,17-12-19,1,168,entrance
Ice Cream Bar - Hageen Daz To,chilled desserts,18-12-19,1,240,entrance
Ice Cream Bar - Hageen Daz To,chilled desserts,19-12-19,1,120,entrance
Ice Cream Bar - Hageen Daz To,chilled desserts,20-12-19,2,144,neardairyproducts
Ice Cream Bar - Hageen Daz To,chilled desserts,21-12-19,2,144,neardairyproducts
Ice Cream Bar - Hageen Daz To,chilled desserts,22-12-19,2,96,neardairyproducts
Ice Cream Bar - Hageen Daz To,chilled desserts,23-12-19,1,72,entrance
Ice Cream Bar - Hageen Daz To,chilled desserts,24-12-19,3,144,nearalcohol
Ice Cream Bar - Hageen Daz To,chilled desserts,25-12-19,3,120,nearalcohol
Ice Cream Bar - Hageen Daz To,chilled desserts,26-12-19,3,192,nearalcohol
Ice Cream Bar - Hageen Daz To,chilled desserts,27-12-19,2,144,neardairyproducts
Ice Cream Bar - Hageen Daz To,chilled desserts,28-12-19,1,120,entrance
Ice Cream Bar - Hageen Daz To,chilled desserts,29-12-19,3,24,nearalcohol
Ice Cream Bar - Hageen Daz To,chilled desserts,30-12-19,3,120,nearalcohol
Ice Cream Bar - Hageen Daz To,chilled desserts,31-12-19,1,24,entrance
Ice Cream Bar - Hageen Daz To,chilled desserts,01-01-20,1,120,entrance
Ice Cream Bar - Hageen Daz To,chilled desserts,02-01-20,1,329,entrance
Ice Cream Bar - Hageen Daz To,chilled desserts,03-01-20,1,240,entrance
Ice Cream Bar - Hageen Daz To,chilled desserts,04-01-20,3,96,nearalcohol
Ice Cream Bar - Hageen Daz To,chilled desserts,05-01-20,3,89,nearalcohol
Ice Cream Bar - Hageen Daz To,chilled desserts,06-01-20,2,202,neardairyproducts
Ice Cream Bar - Hageen Daz To,chilled desserts,07-01-20,2,48,neardairyproducts
Ice Cream Bar - Hageen Daz To,chilled desserts,08-01-20,2,164,neardairyproducts
Ice Cream Bar - Hageen Daz To,chilled desserts,09-01-20,1,260,entrance
Ice Cream Bar - Hageen Daz To,chilled desserts,10-01-20,1,280,entrance
Ice Cream Bar - Hageen Daz To,chilled desserts,11-01-20,3,80,nearalcohol
Ice Cream Bar - Hageen Daz To,chilled desserts,12-01-20,2,80,neardairyproducts
Ice Cream Bar - Hageen Daz To,chilled desserts,13-01-20,1,80,entrance
Ice Cream Bar - Hageen Daz To,chilled desserts,14-01-20,2,180,neardairyproducts
Ice Cream Bar - Hageen Daz To,chilled desserts,15-01-20,3,24,nearalcohol
Ice Cream Bar - Hageen Daz To,chilled desserts,16-01-20,2,220,neardairyproducts
Ice Cream Bar - Hageen Daz To,chilled desserts,17-01-20,2,60,neardairyproducts
Ice Cream Bar - Hageen Daz To,chilled desserts,18-01-20,3,140,nearalcohol
Ice Cream Bar - Hageen Daz To,chilled desserts,19-01-20,3,80,nearalcohol
Ice Cream Bar - Hageen Daz To,chilled desserts,20-01-20,1,120,entrance
Ice Cream Bar - Hageen Daz To,chilled desserts,21-01-20,2,72,neardairyproducts
Ice Cream Bar - Hageen Daz To,chilled desserts,23-01-20,1,24,entrance
Ice Cream Bar - Hageen Daz To,chilled desserts,25-01-20,3,24,nearalcohol
Ice Cream Bar - Hageen Daz To,chilled desserts,26-01-20,2,72,neardairyproducts
Ice Cream Bar - Hageen Daz To,chilled desserts,27-01-20,1,48,entrance
Ice Cream Bar - Hageen Daz To,chilled desserts,28-01-20,3,144,nearalcohol
Ice Cream Bar - Hageen Daz To,chilled desserts,29-01-20,2,72,neardairyproducts
Ice Cream Bar - Hageen Daz To,chilled desserts,30-01-20,1,144,entrance
Ice Cream Bar - Hageen Daz To,chilled desserts,31-01-20,3,168,nearalcohol
Ice Cream Bar - Hageen Daz To,chilled desserts,01-02-20,2,144,neardairyproducts
Ice Cream Bar - Hageen Daz To,chilled desserts,02-02-20,1,120,entrance
Ice Cream Bar - Hageen Daz To,chilled desserts,03-02-20,2,72,neardairyproducts
Ice Cream Bar - Hageen Daz To,chilled desserts,04-02-20,2,120,neardairyproducts
Ice Cream Bar - Hageen Daz To,chilled desserts,05-02-20,2,144,neardairyproducts
Ice Cream Bar - Hageen Daz To,chilled desserts,06-02-20,3,24,nearalcohol
Ice Cream Bar - Hageen Daz To,chilled desserts,07-02-20,2,60,neardairyproducts
Ice Cream Bar - Hageen Daz To,chilled desserts,08-02-20,2,40,neardairyproducts
Ice Cream Bar - Hageen Daz To,chilled desserts,09-02-20,3,60,nearalcohol
Ice Cream Bar - Hageen Daz To,chilled desserts,10-02-20,2,80,neardairyproducts
Ice Cream Bar - Hageen Daz To,chilled desserts,11-02-20,3,80,nearalcohol
Ice Cream Bar - Hageen Daz To,chilled desserts,12-02-20,3,144,nearalcohol
Ice Cream Bar - Hageen Daz To,chilled desserts,13-02-20,2,24,neardairyproducts
Ice Cream Bar - Hageen Daz To,chilled desserts,14-02-20,2,96,neardairyproducts
Ice Cream Bar - Hageen Daz To,chilled desserts,15-02-20,2,24,neardairyproducts
Ice Cream Bar - Hageen Daz To,chilled desserts,17-02-20,3,240,nearalcohol
Ice Cream Bar - Hageen Daz To,chilled desserts,18-02-20,3,48,nearalcohol
Ice Cream Bar - Hageen Daz To,chilled desserts,19-02-20,2,168,neardairyproducts
Ice Cream Bar - Hageen Daz To,chilled desserts,20-02-20,2,96,neardairyproducts
Ice Cream Bar - Hageen Daz To,chilled desserts,21-02-20,2,24,neardairyproducts
Ice Cream Bar - Hageen Daz To,chilled desserts,22-02-20,3,24,nearalcohol
Ice Cream Bar - Hageen Daz To,chilled desserts,23-02-20,2,24,neardairyproducts
Ice Cream Bar - Hageen Daz To,chilled desserts,24-02-20,2,72,neardairyproducts
Ice Cream Bar - Hageen Daz To,chilled desserts,25-02-20,2,192,neardairyproducts
Ice Cream Bar - Hageen Daz To,chilled desserts,26-02-20,1,168,entrance
Ice Cream Bar - Hageen Daz To,chilled desserts,27-02-20,1,144,entrance
Ice Cream Bar - Hageen Daz To,chilled desserts,28-02-20,1,120,entrance
Ice Cream Bar - Hageen Daz To,chilled desserts,29-02-20,3,120,nearalcohol
Ice Cream Bar - Hageen Daz To,chilled desserts,01-03-20,2,24,neardairyproducts
Ice Cream Bar - Hageen Daz To,chilled desserts,02-03-20,2,216,neardairyproducts
Ice Cream Bar - Hageen Daz To,chilled desserts,03-03-20,1,120,entrance
Ice Cream Bar - Hageen Daz To,chilled desserts,04-03-20,2,216,neardairyproducts
Ice Cream Bar - Hageen Daz To,chilled desserts,05-03-20,1,120,entrance
Ice Cream Bar - Hageen Daz To,chilled desserts,06-03-20,1,264,entrance
Ice Cream Bar - Hageen Daz To,chilled desserts,07-03-20,2,168,neardairyproducts
Ice Cream Bar - Hageen Daz To,chilled desserts,08-03-20,2,72,neardairyproducts
Ice Cream Bar - Hageen Daz To,chilled desserts,09-03-20,1,96,entrance
Ice Cream Bar - Hageen Daz To,chilled desserts,10-03-20,3,216,nearalcohol
Ice Cream Bar - Hageen Daz To,chilled desserts,11-03-20,2,312,neardairyproducts
Ice Cream Bar - Hageen Daz To,chilled desserts,12-03-20,1,120,entrance
Ice Cream Bar - Hageen Daz To,chilled desserts,13-03-20,3,264,nearalcohol
Ice Cream Bar - Hageen Daz To,chilled desserts,14-03-20,3,120,nearalcohol
Ice Cream Bar - Hageen Daz To,chilled desserts,15-03-20,1,24,entrance
Ice Cream Bar - Hageen Daz To,chilled desserts,16-03-20,1,192,entrance
Ice Cream Bar - Hageen Daz To,chilled desserts,17-03-20,3,96,nearalcohol
Ice Cream Bar - Hageen Daz To,chilled desserts,18-03-20,1,152,entrance
Ice Cream Bar - Hageen Daz To,chilled desserts,19-03-20,3,247,nearalcohol
Ice Cream Bar - Hageen Daz To,chilled desserts,20-03-20,3,152,nearalcohol
Ice Cream Bar - Hageen Daz To,chilled desserts,21-03-20,2,57,neardairyproducts
Ice Cream Bar - Hageen Daz To,chilled desserts,22-03-20,3,38,nearalcohol
Ice Cream Bar - Hageen Daz To,chilled desserts,23-03-20,2,114,neardairyproducts
Ice Cream Bar - Hageen Daz To,chilled desserts,24-03-20,3,19,nearalcohol
Ice Cream Bar - Hageen Daz To,chilled desserts,25-03-20,2,190,neardairyproducts
Ice Cream Bar - Hageen Daz To,chilled desserts,26-03-20,2,304,neardairyproducts
Ice Cream Bar - Hageen Daz To,chilled desserts,27-03-20,2,171,neardairyproducts
Ice Cream Bar - Hageen Daz To,chilled desserts,28-03-20,1,95,entrance
Ice Cream Bar - Hageen Daz To,chilled desserts,29-03-20,1,95,entrance
Ice Cream Bar - Hageen Daz To,chilled desserts,30-03-20,3,152,nearalcohol
Ice Cream Bar - Hageen Daz To,chilled desserts,31-03-20,1,209,entrance
Ice Cream Bar - Hageen Daz To,chilled desserts,01-04-20,2,95,neardairyproducts
Ice Cream Bar - Hageen Daz To,chilled desserts,02-04-20,2,133,neardairyproducts
Ice Cream Bar - Hageen Daz To,chilled desserts,03-04-20,3,152,nearalcohol
Ice Cream Bar - Hageen Daz To,chilled desserts,04-04-20,2,95,neardairyproducts
Ice Cream Bar - Hageen Daz To,chilled desserts,05-04-20,3,57,nearalcohol
Ice Cream Bar - Hageen Daz To,chilled desserts,06-04-20,2,57,neardairyproducts
Ice Cream Bar - Hageen Daz To,chilled desserts,07-04-20,3,38,nearalcohol
Ice Cream Bar - Hageen Daz To,chilled desserts,08-04-20,1,76,entrance
Ice Cream Bar - Hageen Daz To,chilled desserts,09-04-20,2,95,neardairyproducts
Ice Cream Bar - Hageen Daz To,chilled desserts,10-04-20,2,38,neardairyproducts
Ice Cream Bar - Hageen Daz To,chilled desserts,11-04-20,1,76,entrance
Ice Cream Bar - Hageen Daz To,chilled desserts,12-04-20,3,19,nearalcohol
Ice Cream Bar - Hageen Daz To,chilled desserts,13-04-20,1,38,entrance
Ice Cream Bar - Hageen Daz To,chilled desserts,14-04-20,3,19,nearalcohol
Ice Cream Bar - Hageen Daz To,chilled desserts,15-04-20,1,19,entrance
Ice Cream Bar - Hageen Daz To,chilled desserts,16-04-20,1,57,entrance
Ice Cream Bar - Hageen Daz To,chilled desserts,17-04-20,1,38,entrance
Ice Cream Bar - Hageen Daz To,chilled desserts,18-04-20,1,57,entrance
Ice Cream Bar - Hageen Daz To,chilled desserts,19-04-20,2,19,neardairyproducts
Ice Cream Bar - Hageen Daz To,chilled desserts,20-04-20,3,95,nearalcohol
Ice Cream Bar - Hageen Daz To,chilled desserts,21-04-20,3,19,nearalcohol
Ice Cream Bar - Hageen Daz To,chilled desserts,22-04-20,1,57,entrance
Ice Cream Bar - Hageen Daz To,chilled desserts,23-04-20,2,19,neardairyproducts
Ice Cream Bar - Hageen Daz To,chilled desserts,24-04-20,3,57,nearalcohol
Ice Cream Bar - Hageen Daz To,chilled desserts,25-04-20,1,19,entrance
Ice Cream Bar - Hageen Daz To,chilled desserts,26-04-20,2,38,neardairyproducts
Ice Cream Bar - Hageen Daz To,chilled desserts,27-04-20,2,38,neardairyproducts
Ice Cream Bar - Hageen Daz To,chilled desserts,28-04-20,1,76,entrance
Ice Cream Bar - Hageen Daz To,chilled desserts,29-04-20,2,133,neardairyproducts
Ice Cream Bar - Hageen Daz To,chilled desserts,30-04-20,2,57,neardairyproducts
Ice Cream Bar - Hageen Daz To,chilled desserts,02-05-20,1,57,entrance
Ice Cream Bar - Hageen Daz To,chilled desserts,03-05-20,1,76,entrance
Ice Cream Bar - Hageen Daz To,chilled desserts,04-05-20,3,38,nearalcohol
Ice Cream Bar - Hageen Daz To,chilled desserts,05-05-20,3,19,nearalcohol
Ice Cream Bar - Hageen Daz To,chilled desserts,06-05-20,1,38,entrance
Ice Cream Bar - Hageen Daz To,chilled desserts,07-05-20,1,38,entrance
Ice Cream Bar - Hageen Daz To,chilled desserts,09-05-20,3,38,nearalcohol
Ice Cream Bar - Hageen Daz To,chilled desserts,10-05-20,1,19,entrance
Ice Cream Bar - Hageen Daz To,chilled desserts,11-05-20,3,76,nearalcohol
Ice Cream Bar - Hageen Daz To,chilled desserts,12-05-20,3,38,nearalcohol
Ice Cream Bar - Hageen Daz To,chilled desserts,13-05-20,3,38,nearalcohol
Ice Cream Bar - Hageen Daz To,chilled desserts,14-05-20,3,19,nearalcohol
Ice Cream Bar - Hageen Daz To,chilled desserts,15-05-20,2,38,neardairyproducts
Ice Cream Bar - Hageen Daz To,chilled desserts,16-05-20,2,57,neardairyproducts
Ice Cream Bar - Hageen Daz To,chilled desserts,17-05-20,3,57,nearalcohol
Ice Cream Bar - Hageen Daz To,chilled desserts,18-05-20,3,19,nearalcohol
Ice Cream Bar - Hageen Daz To,chilled desserts,19-05-20,3,95,nearalcohol
Ice Cream Bar - Hageen Daz To,chilled desserts,20-05-20,1,76,entrance
Ice Cream Bar - Hageen Daz To,chilled desserts,21-05-20,2,57,neardairyproducts
English Muffin,bakery goods,06-11-18,1,20,nearnoodles
English Muffin,bakery goods,07-11-18,2,40,snacks
English Muffin,bakery goods,08-11-18,3,20,cashier
English Muffin,bakery goods,13-11-18,1,82,nearnoodles
English Muffin,bakery goods,14-11-18,2,21,snacks
English Muffin,bakery goods,16-11-18,3,22,cashier
English Muffin,bakery goods,20-11-18,2,19,snacks
English Muffin,bakery goods,21-11-18,2,21,snacks
English Muffin,bakery goods,22-11-18,1,42,nearnoodles
English Muffin,bakery goods,24-11-18,2,19,snacks
English Muffin,bakery goods,26-11-18,3,22,cashier
English Muffin,bakery goods,27-11-18,2,43,snacks
English Muffin,bakery goods,28-11-18,1,40,nearnoodles
English Muffin,bakery goods,29-11-18,2,21,snacks
English Muffin,bakery goods,01-12-18,3,44,cashier
English Muffin,bakery goods,03-12-18,1,22,nearnoodles
English Muffin,bakery goods,05-12-18,3,22,cashier
English Muffin,bakery goods,06-12-18,3,38,cashier
English Muffin,bakery goods,07-12-18,1,42,nearnoodles
English Muffin,bakery goods,08-12-18,3,42,cashier
English Muffin,bakery goods,09-12-18,3,38,cashier
English Muffin,bakery goods,10-12-18,3,63,cashier
English Muffin,bakery goods,12-12-18,2,85,snacks
English Muffin,bakery goods,14-12-18,1,60,nearnoodles
English Muffin,bakery goods,17-12-18,3,18,cashier
English Muffin,bakery goods,18-12-18,1,38,nearnoodles
English Muffin,bakery goods,19-12-18,1,136,nearnoodles
English Muffin,bakery goods,22-12-18,1,42,nearnoodles
English Muffin,bakery goods,27-12-18,2,42,snacks
English Muffin,bakery goods,28-12-18,3,82,cashier
English Muffin,bakery goods,01-01-19,1,88,nearnoodles
English Muffin,bakery goods,02-01-19,3,42,cashier
English Muffin,bakery goods,03-01-19,2,63,snacks
English Muffin,bakery goods,05-01-19,3,21,cashier
English Muffin,bakery goods,10-01-19,1,22,nearnoodles
English Muffin,bakery goods,11-01-19,2,42,snacks
English Muffin,bakery goods,12-01-19,1,42,nearnoodles
English Muffin,bakery goods,13-01-19,1,38,nearnoodles
English Muffin,bakery goods,15-01-19,2,42,snacks
English Muffin,bakery goods,16-01-19,3,63,cashier
English Muffin,bakery goods,21-01-19,2,22,snacks
English Muffin,bakery goods,22-01-19,1,42,nearnoodles
English Muffin,bakery goods,23-01-19,2,80,snacks
English Muffin,bakery goods,25-01-19,2,105,snacks
English Muffin,bakery goods,26-01-19,2,21,snacks
English Muffin,bakery goods,27-01-19,2,22,snacks
English Muffin,bakery goods,28-01-19,3,43,cashier
English Muffin,bakery goods,30-01-19,1,39,nearnoodles
English Muffin,bakery goods,31-01-19,3,57,cashier
English Muffin,bakery goods,01-02-19,3,84,cashier
English Muffin,bakery goods,02-02-19,2,21,snacks
English Muffin,bakery goods,03-02-19,2,21,snacks
English Muffin,bakery goods,06-02-19,3,21,cashier
English Muffin,bakery goods,07-02-19,2,43,snacks
English Muffin,bakery goods,08-02-19,2,102,snacks
English Muffin,bakery goods,09-02-19,1,42,nearnoodles
English Muffin,bakery goods,10-02-19,1,66,nearnoodles
English Muffin,bakery goods,11-02-19,1,42,nearnoodles
English Muffin,bakery goods,12-02-19,2,22,snacks
English Muffin,bakery goods,13-02-19,3,22,cashier
English Muffin,bakery goods,14-02-19,2,43,snacks
English Muffin,bakery goods,15-02-19,2,21,snacks
English Muffin,bakery goods,16-02-19,3,21,cashier
English Muffin,bakery goods,18-02-19,3,21,cashier
English Muffin,bakery goods,19-02-19,1,22,nearnoodles
English Muffin,bakery goods,20-02-19,3,21,cashier
English Muffin,bakery goods,21-02-19,3,128,cashier
English Muffin,bakery goods,22-02-19,3,62,cashier
English Muffin,bakery goods,23-02-19,1,84,nearnoodles
English Muffin,bakery goods,26-02-19,3,106,cashier
English Muffin,bakery goods,27-02-19,1,42,nearnoodles
English Muffin,bakery goods,28-02-19,1,65,nearnoodles
English Muffin,bakery goods,01-03-19,1,22,nearnoodles
English Muffin,bakery goods,02-03-19,3,21,cashier
English Muffin,bakery goods,04-03-19,2,84,snacks
English Muffin,bakery goods,05-03-19,1,22,nearnoodles
English Muffin,bakery goods,06-03-19,3,21,cashier
English Muffin,bakery goods,07-03-19,1,61,nearnoodles
English Muffin,bakery goods,08-03-19,1,60,nearnoodles
English Muffin,bakery goods,09-03-19,2,64,snacks
English Muffin,bakery goods,10-03-19,1,42,nearnoodles
English Muffin,bakery goods,11-03-19,2,21,snacks
English Muffin,bakery goods,12-03-19,2,22,snacks
English Muffin,bakery goods,14-03-19,3,22,cashier
English Muffin,bakery goods,15-03-19,3,44,cashier
English Muffin,bakery goods,16-03-19,3,64,cashier
English Muffin,bakery goods,17-03-19,3,22,cashier
English Muffin,bakery goods,18-03-19,1,22,nearnoodles
English Muffin,bakery goods,19-03-19,1,22,nearnoodles
English Muffin,bakery goods,20-03-19,3,22,cashier
English Muffin,bakery goods,21-03-19,2,44,snacks
English Muffin,bakery goods,22-03-19,3,22,cashier
English Muffin,bakery goods,23-03-19,1,22,nearnoodles
English Muffin,bakery goods,24-03-19,3,22,cashier
English Muffin,bakery goods,26-03-19,1,110,nearnoodles
English Muffin,bakery goods,27-03-19,1,22,nearnoodles
English Muffin,bakery goods,28-03-19,2,130,snacks
English Muffin,bakery goods,29-03-19,2,66,snacks
English Muffin,bakery goods,31-03-19,2,23,snacks
English Muffin,bakery goods,02-04-19,1,23,nearnoodles
English Muffin,bakery goods,03-04-19,1,23,nearnoodles
English Muffin,bakery goods,04-04-19,3,69,cashier
English Muffin,bakery goods,06-04-19,2,23,snacks
English Muffin,bakery goods,10-04-19,2,23,snacks
English Muffin,bakery goods,12-04-19,3,23,cashier
English Muffin,bakery goods,13-04-19,3,23,cashier
English Muffin,bakery goods,14-04-19,2,45,snacks
English Muffin,bakery goods,18-04-19,2,23,snacks
English Muffin,bakery goods,19-04-19,1,23,nearnoodles
English Muffin,bakery goods,21-04-19,2,23,snacks
English Muffin,bakery goods,22-04-19,1,46,nearnoodles
English Muffin,bakery goods,23-04-19,3,23,cashier
English Muffin,bakery goods,24-04-19,2,23,snacks
English Muffin,bakery goods,25-04-19,3,23,cashier
English Muffin,bakery goods,26-04-19,1,46,nearnoodles
English Muffin,bakery goods,27-04-19,2,24,snacks
English Muffin,bakery goods,28-04-19,2,24,snacks
English Muffin,bakery goods,30-04-19,2,48,snacks
English Muffin,bakery goods,01-05-19,2,48,snacks
English Muffin,bakery goods,02-05-19,3,48,cashier
English Muffin,bakery goods,03-05-19,3,48,cashier
English Muffin,bakery goods,04-05-19,3,97,cashier
English Muffin,bakery goods,07-05-19,2,24,snacks
English Muffin,bakery goods,08-05-19,1,65,nearnoodles
English Muffin,bakery goods,10-05-19,1,65,nearnoodles
English Muffin,bakery goods,11-05-19,1,50,nearnoodles
English Muffin,bakery goods,13-05-19,1,50,nearnoodles
English Muffin,bakery goods,14-05-19,1,121,nearnoodles
English Muffin,bakery goods,15-05-19,1,25,nearnoodles
English Muffin,bakery goods,16-05-19,1,50,nearnoodles
English Muffin,bakery goods,17-05-19,3,97,cashier
English Muffin,bakery goods,18-05-19,1,25,nearnoodles
English Muffin,bakery goods,20-05-19,1,18,nearnoodles
English Muffin,bakery goods,21-05-19,2,50,snacks
English Muffin,bakery goods,22-05-19,3,25,cashier
English Muffin,bakery goods,23-05-19,3,71,cashier
English Muffin,bakery goods,24-05-19,2,50,snacks
English Muffin,bakery goods,25-05-19,1,75,nearnoodles
English Muffin,bakery goods,27-05-19,2,18,snacks
English Muffin,bakery goods,28-05-19,2,50,snacks
English Muffin,bakery goods,29-05-19,3,75,cashier
English Muffin,bakery goods,30-05-19,2,25,snacks
English Muffin,bakery goods,01-06-19,2,50,snacks
English Muffin,bakery goods,02-06-19,3,18,cashier
English Muffin,bakery goods,03-06-19,1,25,nearnoodles
English Muffin,bakery goods,04-06-19,1,50,nearnoodles
English Muffin,bakery goods,06-06-19,2,50,snacks
English Muffin,bakery goods,07-06-19,1,18,nearnoodles
English Muffin,bakery goods,08-06-19,3,50,cashier
English Muffin,bakery goods,09-06-19,2,50,snacks
English Muffin,bakery goods,10-06-19,2,18,snacks
English Muffin,bakery goods,12-06-19,1,50,nearnoodles
English Muffin,bakery goods,13-06-19,1,25,nearnoodles
English Muffin,bakery goods,14-06-19,1,23,nearnoodles
English Muffin,bakery goods,16-06-19,1,25,nearnoodles
English Muffin,bakery goods,19-06-19,3,50,cashier
English Muffin,bakery goods,25-06-19,2,25,snacks
English Muffin,bakery goods,26-06-19,3,50,cashier
English Muffin,bakery goods,28-06-19,1,25,nearnoodles
English Muffin,bakery goods,29-06-19,1,25,nearnoodles
English Muffin,bakery goods,30-06-19,3,25,cashier
English Muffin,bakery goods,02-07-19,3,25,cashier
English Muffin,bakery goods,03-07-19,1,50,nearnoodles
English Muffin,bakery goods,04-07-19,1,25,nearnoodles
English Muffin,bakery goods,05-07-19,1,50,nearnoodles
English Muffin,bakery goods,06-07-19,1,25,nearnoodles
English Muffin,bakery goods,07-07-19,3,25,cashier
English Muffin,bakery goods,09-07-19,3,50,cashier
English Muffin,bakery goods,10-07-19,3,75,cashier
English Muffin,bakery goods,11-07-19,1,25,nearnoodles
English Muffin,bakery goods,12-07-19,2,75,snacks
English Muffin,bakery goods,13-07-19,3,50,cashier
English Muffin,bakery goods,14-07-19,1,25,nearnoodles
English Muffin,bakery goods,16-07-19,2,50,snacks
English Muffin,bakery goods,17-07-19,2,50,snacks
English Muffin,bakery goods,20-07-19,3,75,cashier
English Muffin,bakery goods,21-07-19,3,50,cashier
English Muffin,bakery goods,22-07-19,2,25,snacks
English Muffin,bakery goods,23-07-19,1,43,nearnoodles
English Muffin,bakery goods,26-07-19,1,212,nearnoodles
English Muffin,bakery goods,28-07-19,2,25,snacks
English Muffin,bakery goods,29-07-19,2,75,snacks
English Muffin,bakery goods,30-07-19,2,25,snacks
English Muffin,bakery goods,31-07-19,3,70,cashier
English Muffin,bakery goods,01-08-19,2,25,snacks
English Muffin,bakery goods,02-08-19,1,75,nearnoodles
English Muffin,bakery goods,03-08-19,3,75,cashier
English Muffin,bakery goods,06-08-19,2,20,snacks
English Muffin,bakery goods,07-08-19,3,50,cashier
English Muffin,bakery goods,08-08-19,1,25,nearnoodles
English Muffin,bakery goods,09-08-19,2,25,snacks
English Muffin,bakery goods,10-08-19,1,50,nearnoodles
English Muffin,bakery goods,13-08-19,3,25,cashier
English Muffin,bakery goods,14-08-19,2,25,snacks
English Muffin,bakery goods,17-08-19,3,25,cashier
English Muffin,bakery goods,18-08-19,3,80,cashier
English Muffin,bakery goods,19-08-19,3,25,cashier
English Muffin,bakery goods,20-08-19,2,20,snacks
English Muffin,bakery goods,21-08-19,2,20,snacks
English Muffin,bakery goods,25-08-19,3,25,cashier
English Muffin,bakery goods,27-08-19,2,45,snacks
English Muffin,bakery goods,03-09-19,1,25,nearnoodles
English Muffin,bakery goods,05-09-19,3,25,cashier
English Muffin,bakery goods,06-09-19,3,25,cashier
English Muffin,bakery goods,12-09-19,1,50,nearnoodles
English Muffin,bakery goods,13-09-19,1,25,nearnoodles
English Muffin,bakery goods,19-09-19,3,50,cashier
English Muffin,bakery goods,24-09-19,1,25,nearnoodles
English Muffin,bakery goods,26-09-19,3,50,cashier
English Muffin,bakery goods,27-09-19,2,25,snacks
English Muffin,bakery goods,30-09-19,2,25,snacks
English Muffin,bakery goods,01-10-19,1,50,nearnoodles
English Muffin,bakery goods,04-10-19,2,23,snacks
English Muffin,bakery goods,05-10-19,1,25,nearnoodles
English Muffin,bakery goods,12-10-19,2,25,snacks
English Muffin,bakery goods,14-10-19,1,48,nearnoodles
English Muffin,bakery goods,19-10-19,1,25,nearnoodles
English Muffin,bakery goods,21-10-19,2,64,snacks
English Muffin,bakery goods,31-10-19,1,45,nearnoodles
English Muffin,bakery goods,07-11-19,3,25,cashier
English Muffin,bakery goods,19-11-19,2,23,snacks
English Muffin,bakery goods,20-11-19,1,25,nearnoodles
English Muffin,bakery goods,24-11-19,3,23,cashier
English Muffin,bakery goods,29-11-19,2,25,snacks
English Muffin,bakery goods,07-12-19,3,23,cashier
English Muffin,bakery goods,12-12-19,2,23,snacks
English Muffin,bakery goods,13-12-19,3,25,cashier
English Muffin,bakery goods,14-12-19,2,25,snacks
English Muffin,bakery goods,17-12-19,2,23,snacks
English Muffin,bakery goods,20-12-19,1,27,nearnoodles
English Muffin,bakery goods,27-12-19,3,27,cashier
English Muffin,bakery goods,28-12-19,1,27,nearnoodles
English Muffin,bakery goods,03-01-20,1,19,nearnoodles
English Muffin,bakery goods,09-01-20,1,19,nearnoodles
English Muffin,bakery goods,10-01-20,3,21,cashier
English Muffin,bakery goods,14-01-20,3,21,cashier
English Muffin,bakery goods,15-01-20,1,19,nearnoodles
English Muffin,bakery goods,16-01-20,2,21,snacks
English Muffin,bakery goods,17-01-20,3,21,cashier
English Muffin,bakery goods,22-01-20,2,21,snacks
English Muffin,bakery goods,29-01-20,2,21,snacks
English Muffin,bakery goods,30-01-20,1,42,nearnoodles
English Muffin,bakery goods,01-02-20,1,19,nearnoodles
English Muffin,bakery goods,05-02-20,2,21,snacks
English Muffin,bakery goods,06-02-20,1,21,nearnoodles
English Muffin,bakery goods,09-02-20,1,21,nearnoodles
English Muffin,bakery goods,11-02-20,3,21,cashier
English Muffin,bakery goods,12-02-20,1,38,nearnoodles
English Muffin,bakery goods,16-02-20,3,21,cashier
English Muffin,bakery goods,17-02-20,1,21,nearnoodles
English Muffin,bakery goods,18-02-20,3,42,cashier
English Muffin,bakery goods,19-02-20,1,19,nearnoodles
English Muffin,bakery goods,20-02-20,2,19,snacks
English Muffin,bakery goods,21-02-20,2,21,snacks
English Muffin,bakery goods,22-02-20,2,21,snacks
English Muffin,bakery goods,24-02-20,1,42,nearnoodles
English Muffin,bakery goods,25-02-20,3,21,cashier
English Muffin,bakery goods,27-02-20,2,63,snacks
English Muffin,bakery goods,28-02-20,2,42,snacks
English Muffin,bakery goods,02-03-20,3,21,cashier
English Muffin,bakery goods,04-03-20,3,21,cashier
English Muffin,bakery goods,06-03-20,2,63,snacks
English Muffin,bakery goods,07-03-20,1,21,nearnoodles
English Muffin,bakery goods,09-03-20,3,42,cashier
English Muffin,bakery goods,10-03-20,3,21,cashier
English Muffin,bakery goods,11-03-20,1,21,nearnoodles
English Muffin,bakery goods,12-03-20,3,21,cashier
English Muffin,bakery goods,15-03-20,1,19,nearnoodles
English Muffin,bakery goods,16-03-20,2,19,snacks
English Muffin,bakery goods,17-03-20,2,21,snacks
English Muffin,bakery goods,19-03-20,3,22,cashier
English Muffin,bakery goods,20-03-20,1,22,nearnoodles
English Muffin,bakery goods,23-03-20,3,22,cashier
English Muffin,bakery goods,25-03-20,2,22,snacks
English Muffin,bakery goods,28-03-20,2,22,snacks
English Muffin,bakery goods,29-03-20,1,22,nearnoodles
English Muffin,bakery goods,01-04-20,1,44,nearnoodles
English Muffin,bakery goods,08-04-20,2,22,snacks
English Muffin,bakery goods,13-04-20,2,22,snacks
English Muffin,bakery goods,16-04-20,1,22,nearnoodles
English Muffin,bakery goods,22-04-20,2,22,snacks
English Muffin,bakery goods,27-04-20,2,22,snacks
English Muffin,bakery goods,29-04-20,3,22,cashier
English Muffin,bakery goods,08-05-20,2,44,snacks
English Muffin,bakery goods,11-05-20,1,22,nearnoodles
English Muffin,bakery goods,12-05-20,2,22,snacks
English Muffin,bakery goods,13-05-20,1,22,nearnoodles
English Muffin,bakery goods,14-05-20,3,22,cashier
English Muffin,bakery goods,16-05-20,1,22,nearnoodles
English Muffin,bakery goods,20-05-20,3,22,cashier
English Muffin,bakery goods,21-05-20,2,22,snacks
Arizona - Green Tea,beverages,02-11-18,1,300,asidecoffeemaker
Arizona - Green Tea,beverages,03-11-18,2,840,beveragessection
Arizona - Green Tea,beverages,04-11-18,3,520,healthyalternativessection
Arizona - Green Tea,beverages,05-11-18,2,460,beveragessection
Arizona - Green Tea,beverages,06-11-18,3,500,healthyalternativessection
Arizona - Green Tea,beverages,07-11-18,3,880,healthyalternativessection
Arizona - Green Tea,beverages,08-11-18,2,900,beveragessection
Arizona - Green Tea,beverages,09-11-18,3,1016,healthyalternativessection
Arizona - Green Tea,beverages,10-11-18,3,635,healthyalternativessection
Arizona - Green Tea,beverages,11-11-18,1,450,asidecoffeemaker
Arizona - Green Tea,beverages,12-11-18,2,694,beveragessection
Arizona - Green Tea,beverages,13-11-18,2,720,beveragessection
Arizona - Green Tea,beverages,14-11-18,2,696,beveragessection
Arizona - Green Tea,beverages,15-11-18,2,428,beveragessection
Arizona - Green Tea,beverages,16-11-18,3,672,healthyalternativessection
Arizona - Green Tea,beverages,17-11-18,1,561,asidecoffeemaker
Arizona - Green Tea,beverages,18-11-18,3,288,healthyalternativessection
Arizona - Green Tea,beverages,19-11-18,3,494,healthyalternativessection
Arizona - Green Tea,beverages,20-11-18,3,721,healthyalternativessection
Arizona - Green Tea,beverages,21-11-18,2,690,beveragessection
Arizona - Green Tea,beverages,22-11-18,3,737,healthyalternativessection
Arizona - Green Tea,beverages,23-11-18,2,592,beveragessection
Arizona - Green Tea,beverages,24-11-18,1,472,asidecoffeemaker
Arizona - Green Tea,beverages,25-11-18,3,223,healthyalternativessection
Arizona - Green Tea,beverages,26-11-18,1,753,asidecoffeemaker
Arizona - Green Tea,beverages,27-11-18,3,522,healthyalternativessection
Arizona - Green Tea,beverages,28-11-18,1,639,asidecoffeemaker
Arizona - Green Tea,beverages,29-11-18,1,469,asidecoffeemaker
Arizona - Green Tea,beverages,30-11-18,2,809,beveragessection
Arizona - Green Tea,beverages,01-12-18,1,322,asidecoffeemaker
Arizona - Green Tea,beverages,02-12-18,2,474,beveragessection
Arizona - Green Tea,beverages,03-12-18,1,755,asidecoffeemaker
Arizona - Green Tea,beverages,04-12-18,2,491,beveragessection
Arizona - Green Tea,beverages,05-12-18,2,669,beveragessection
Arizona - Green Tea,beverages,06-12-18,2,764,beveragessection
Arizona - Green Tea,beverages,07-12-18,1,670,asidecoffeemaker
Arizona - Green Tea,beverages,08-12-18,3,303,healthyalternativessection
Arizona - Green Tea,beverages,09-12-18,3,347,healthyalternativessection
Arizona - Green Tea,beverages,10-12-18,1,729,asidecoffeemaker
Arizona - Green Tea,beverages,11-12-18,2,536,beveragessection
Arizona - Green Tea,beverages,12-12-18,3,447,healthyalternativessection
Arizona - Green Tea,beverages,13-12-18,1,800,asidecoffeemaker
Arizona - Green Tea,beverages,14-12-18,2,624,beveragessection
Arizona - Green Tea,beverages,15-12-18,1,412,asidecoffeemaker
Arizona - Green Tea,beverages,16-12-18,1,219,asidecoffeemaker
Arizona - Green Tea,beverages,17-12-18,2,761,beveragessection
Arizona - Green Tea,beverages,18-12-18,2,631,beveragessection
Arizona - Green Tea,beverages,19-12-18,2,477,beveragessection
Arizona - Green Tea,beverages,20-12-18,3,614,healthyalternativessection
Arizona - Green Tea,beverages,21-12-18,1,526,asidecoffeemaker
Arizona - Green Tea,beverages,22-12-18,1,618,asidecoffeemaker
Arizona - Green Tea,beverages,23-12-18,3,278,healthyalternativessection
Arizona - Green Tea,beverages,24-12-18,1,411,asidecoffeemaker
Arizona - Green Tea,beverages,25-12-18,2,189,beveragessection
Arizona - Green Tea,beverages,26-12-18,3,506,healthyalternativessection
Arizona - Green Tea,beverages,27-12-18,3,646,healthyalternativessection
Arizona - Green Tea,beverages,28-12-18,3,634,healthyalternativessection
Arizona - Green Tea,beverages,29-12-18,1,480,asidecoffeemaker
Arizona - Green Tea,beverages,30-12-18,3,282,healthyalternativessection
Arizona - Green Tea,beverages,31-12-18,2,185,beveragessection
Arizona - Green Tea,beverages,01-01-19,2,682,beveragessection
Arizona - Green Tea,beverages,02-01-19,2,868,beveragessection
Arizona - Green Tea,beverages,03-01-19,3,769,healthyalternativessection
Arizona - Green Tea,beverages,04-01-19,1,643,asidecoffeemaker
Arizona - Green Tea,beverages,05-01-19,3,587,healthyalternativessection
Arizona - Green Tea,beverages,06-01-19,1,241,asidecoffeemaker
Arizona - Green Tea,beverages,07-01-19,1,661,asidecoffeemaker
Arizona - Green Tea,beverages,08-01-19,1,748,asidecoffeemaker
Arizona - Green Tea,beverages,09-01-19,1,783,asidecoffeemaker
Arizona - Green Tea,beverages,10-01-19,2,735,beveragessection
Arizona - Green Tea,beverages,11-01-19,3,787,healthyalternativessection
Arizona - Green Tea,beverages,12-01-19,1,493,asidecoffeemaker
Arizona - Green Tea,beverages,13-01-19,3,319,healthyalternativessection
Arizona - Green Tea,beverages,14-01-19,2,516,beveragessection
Arizona - Green Tea,beverages,15-01-19,1,480,asidecoffeemaker
Arizona - Green Tea,beverages,16-01-19,3,842,healthyalternativessection
Arizona - Green Tea,beverages,17-01-19,2,770,beveragessection
Arizona - Green Tea,beverages,18-01-19,3,790,healthyalternativessection
Arizona - Green Tea,beverages,19-01-19,2,458,beveragessection
Arizona - Green Tea,beverages,20-01-19,3,220,healthyalternativessection
Arizona - Green Tea,beverages,21-01-19,2,555,beveragessection
Arizona - Green Tea,beverages,22-01-19,3,618,healthyalternativessection
Arizona - Green Tea,beverages,23-01-19,3,1017,healthyalternativessection
Arizona - Green Tea,beverages,24-01-19,2,915,beveragessection
Arizona - Green Tea,beverages,25-01-19,2,784,beveragessection
Arizona - Green Tea,beverages,26-01-19,1,460,asidecoffeemaker
Arizona - Green Tea,beverages,27-01-19,2,160,beveragessection
Arizona - Green Tea,beverages,28-01-19,3,660,healthyalternativessection
Arizona - Green Tea,beverages,29-01-19,3,480,healthyalternativessection
Arizona - Green Tea,beverages,30-01-19,2,620,beveragessection
Arizona - Green Tea,beverages,31-01-19,1,480,asidecoffeemaker
Arizona - Green Tea,beverages,01-02-19,2,520,beveragessection
Arizona - Green Tea,beverages,02-02-19,1,240,asidecoffeemaker
Arizona - Green Tea,beverages,03-02-19,1,60,asidecoffeemaker
Arizona - Green Tea,beverages,04-02-19,1,220,asidecoffeemaker
Arizona - Green Tea,beverages,05-02-19,3,80,healthyalternativessection
Arizona - Green Tea,beverages,06-02-19,2,340,beveragessection
Arizona - Green Tea,beverages,07-02-19,3,720,healthyalternativessection
Arizona - Green Tea,beverages,08-02-19,3,760,healthyalternativessection
Arizona - Green Tea,beverages,09-02-19,3,442,healthyalternativessection
Arizona - Green Tea,beverages,10-02-19,1,460,asidecoffeemaker
Arizona - Green Tea,beverages,11-02-19,3,660,healthyalternativessection
Arizona - Green Tea,beverages,12-02-19,3,380,healthyalternativessection
Arizona - Green Tea,beverages,13-02-19,1,620,asidecoffeemaker
Arizona - Green Tea,beverages,14-02-19,3,1180,healthyalternativessection
Arizona - Green Tea,beverages,15-02-19,3,864,healthyalternativessection
Arizona - Green Tea,beverages,16-02-19,2,840,beveragessection
Arizona - Green Tea,beverages,17-02-19,3,360,healthyalternativessection
Arizona - Green Tea,beverages,18-02-19,3,641,healthyalternativessection
Arizona - Green Tea,beverages,19-02-19,2,560,beveragessection
Arizona - Green Tea,beverages,20-02-19,2,620,beveragessection
Arizona - Green Tea,beverages,21-02-19,3,860,healthyalternativessection
Arizona - Green Tea,beverages,22-02-19,2,660,beveragessection
Arizona - Green Tea,beverages,23-02-19,1,440,asidecoffeemaker
Arizona - Green Tea,beverages,24-02-19,2,380,beveragessection
Arizona - Green Tea,beverages,25-02-19,1,780,asidecoffeemaker
Arizona - Green Tea,beverages,26-02-19,2,520,beveragessection
Arizona - Green Tea,beverages,27-02-19,2,801,beveragessection
Arizona - Green Tea,beverages,28-02-19,1,620,asidecoffeemaker
Arizona - Green Tea,beverages,01-03-19,2,721,beveragessection
Arizona - Green Tea,beverages,02-03-19,3,760,healthyalternativessection
Arizona - Green Tea,beverages,03-03-19,3,500,healthyalternativessection
Arizona - Green Tea,beverages,04-03-19,3,720,healthyalternativessection
Arizona - Green Tea,beverages,05-03-19,3,820,healthyalternativessection
Arizona - Green Tea,beverages,06-03-19,1,820,asidecoffeemaker
Arizona - Green Tea,beverages,07-03-19,2,680,beveragessection
Arizona - Green Tea,beverages,08-03-19,3,820,healthyalternativessection
Arizona - Green Tea,beverages,09-03-19,2,840,beveragessection
Arizona - Green Tea,beverages,10-03-19,2,520,beveragessection
Arizona - Green Tea,beverages,11-03-19,2,680,beveragessection
Arizona - Green Tea,beverages,12-03-19,2,780,beveragessection
Arizona - Green Tea,beverages,13-03-19,3,780,healthyalternativessection
Arizona - Green Tea,beverages,14-03-19,2,500,beveragessection
Arizona - Green Tea,beverages,15-03-19,2,824,beveragessection
Arizona - Green Tea,beverages,16-03-19,3,704,healthyalternativessection
Arizona - Green Tea,beverages,17-03-19,3,395,healthyalternativessection
Arizona - Green Tea,beverages,18-03-19,1,600,asidecoffeemaker
Arizona - Green Tea,beverages,19-03-19,1,664,asidecoffeemaker
Arizona - Green Tea,beverages,20-03-19,1,732,asidecoffeemaker
Arizona - Green Tea,beverages,21-03-19,3,518,healthyalternativessection
Arizona - Green Tea,beverages,22-03-19,3,875,healthyalternativessection
Arizona - Green Tea,beverages,23-03-19,3,506,healthyalternativessection
Arizona - Green Tea,beverages,24-03-19,1,326,asidecoffeemaker
Arizona - Green Tea,beverages,25-03-19,3,1368,healthyalternativessection
Arizona - Green Tea,beverages,26-03-19,1,1133,asidecoffeemaker
Arizona - Green Tea,beverages,27-03-19,3,835,healthyalternativessection
Arizona - Green Tea,beverages,28-03-19,2,872,beveragessection
Arizona - Green Tea,beverages,29-03-19,1,618,asidecoffeemaker
Arizona - Green Tea,beverages,30-03-19,3,675,healthyalternativessection
Arizona - Green Tea,beverages,31-03-19,1,290,asidecoffeemaker
Arizona - Green Tea,beverages,01-04-19,3,730,healthyalternativessection
Arizona - Green Tea,beverages,02-04-19,2,910,beveragessection
Arizona - Green Tea,beverages,03-04-19,2,398,beveragessection
Arizona - Green Tea,beverages,04-04-19,1,750,asidecoffeemaker
Arizona - Green Tea,beverages,05-04-19,2,735,beveragessection
Arizona - Green Tea,beverages,06-04-19,2,534,beveragessection
Arizona - Green Tea,beverages,07-04-19,1,170,asidecoffeemaker
Arizona - Green Tea,beverages,08-04-19,2,824,beveragessection
Arizona - Green Tea,beverages,09-04-19,3,770,healthyalternativessection
Arizona - Green Tea,beverages,10-04-19,2,648,beveragessection
Arizona - Green Tea,beverages,11-04-19,1,764,asidecoffeemaker
Arizona - Green Tea,beverages,12-04-19,1,660,asidecoffeemaker
Arizona - Green Tea,beverages,13-04-19,3,738,healthyalternativessection
Arizona - Green Tea,beverages,14-04-19,1,242,asidecoffeemaker
Arizona - Green Tea,beverages,15-04-19,3,816,healthyalternativessection
Arizona - Green Tea,beverages,16-04-19,3,963,healthyalternativessection
Arizona - Green Tea,beverages,17-04-19,2,590,beveragessection
Arizona - Green Tea,beverages,18-04-19,3,452,healthyalternativessection
Arizona - Green Tea,beverages,19-04-19,2,667,beveragessection
Arizona - Green Tea,beverages,20-04-19,3,489,healthyalternativessection
Arizona - Green Tea,beverages,21-04-19,3,346,healthyalternativessection
Arizona - Green Tea,beverages,22-04-19,2,590,beveragessection
Arizona - Green Tea,beverages,23-04-19,2,886,beveragessection
Arizona - Green Tea,beverages,24-04-19,2,788,beveragessection
Arizona - Green Tea,beverages,25-04-19,3,1580,healthyalternativessection
Arizona - Green Tea,beverages,26-04-19,2,697,beveragessection
Arizona - Green Tea,beverages,27-04-19,2,666,beveragessection
Arizona - Green Tea,beverages,28-04-19,1,302,asidecoffeemaker
Arizona - Green Tea,beverages,29-04-19,1,677,asidecoffeemaker
Arizona - Green Tea,beverages,30-04-19,3,856,healthyalternativessection
Arizona - Green Tea,beverages,01-05-19,1,455,asidecoffeemaker
Arizona - Green Tea,beverages,02-05-19,1,759,asidecoffeemaker
Arizona - Green Tea,beverages,03-05-19,3,684,healthyalternativessection
Arizona - Green Tea,beverages,04-05-19,3,380,healthyalternativessection
Arizona - Green Tea,beverages,05-05-19,2,355,beveragessection
Arizona - Green Tea,beverages,06-05-19,3,966,healthyalternativessection
Arizona - Green Tea,beverages,07-05-19,1,623,asidecoffeemaker
Arizona - Green Tea,beverages,08-05-19,3,624,healthyalternativessection
Arizona - Green Tea,beverages,09-05-19,1,893,asidecoffeemaker
Arizona - Green Tea,beverages,10-05-19,2,920,beveragessection
Arizona - Green Tea,beverages,11-05-19,1,535,asidecoffeemaker
Arizona - Green Tea,beverages,12-05-19,1,375,asidecoffeemaker
Arizona - Green Tea,beverages,13-05-19,1,835,asidecoffeemaker
Arizona - Green Tea,beverages,14-05-19,2,875,beveragessection
Arizona - Green Tea,beverages,15-05-19,2,630,beveragessection
Arizona - Green Tea,beverages,16-05-19,3,665,healthyalternativessection
Arizona - Green Tea,beverages,17-05-19,2,705,beveragessection
Arizona - Green Tea,beverages,18-05-19,3,640,healthyalternativessection
Arizona - Green Tea,beverages,19-05-19,1,190,asidecoffeemaker
Arizona - Green Tea,beverages,20-05-19,1,480,asidecoffeemaker
Arizona - Green Tea,beverages,21-05-19,3,805,healthyalternativessection
Arizona - Green Tea,beverages,22-05-19,2,1145,beveragessection
Arizona - Green Tea,beverages,23-05-19,1,750,asidecoffeemaker
Arizona - Green Tea,beverages,24-05-19,3,675,healthyalternativessection
Arizona - Green Tea,beverages,25-05-19,1,515,asidecoffeemaker
Arizona - Green Tea,beverages,26-05-19,2,450,beveragessection
Arizona - Green Tea,beverages,27-05-19,2,960,beveragessection
Arizona - Green Tea,beverages,28-05-19,2,700,beveragessection
Arizona - Green Tea,beverages,29-05-19,3,860,healthyalternativessection
Arizona - Green Tea,beverages,30-05-19,2,905,beveragessection
Arizona - Green Tea,beverages,31-05-19,3,780,healthyalternativessection
Arizona - Green Tea,beverages,01-06-19,1,650,asidecoffeemaker
Arizona - Green Tea,beverages,02-06-19,3,385,healthyalternativessection
Arizona - Green Tea,beverages,03-06-19,1,1290,asidecoffeemaker
Arizona - Green Tea,beverages,04-06-19,3,705,healthyalternativessection
Arizona - Green Tea,beverages,05-06-19,3,500,healthyalternativessection
Arizona - Green Tea,beverages,06-06-19,2,1395,beveragessection
Arizona - Green Tea,beverages,07-06-19,3,950,healthyalternativessection
Arizona - Green Tea,beverages,08-06-19,1,560,asidecoffeemaker
Arizona - Green Tea,beverages,09-06-19,3,460,healthyalternativessection
Arizona - Green Tea,beverages,10-06-19,3,690,healthyalternativessection
Arizona - Green Tea,beverages,11-06-19,1,1045,asidecoffeemaker
Arizona - Green Tea,beverages,12-06-19,1,920,asidecoffeemaker
Arizona - Green Tea,beverages,13-06-19,3,870,healthyalternativessection
Arizona - Green Tea,beverages,14-06-19,3,1035,healthyalternativessection
Arizona - Green Tea,beverages,15-06-19,2,520,beveragessection
Arizona - Green Tea,beverages,16-06-19,1,395,asidecoffeemaker
Arizona - Green Tea,beverages,17-06-19,1,675,asidecoffeemaker
Arizona - Green Tea,beverages,18-06-19,2,1020,beveragessection
Arizona - Green Tea,beverages,19-06-19,2,865,beveragessection
Arizona - Green Tea,beverages,20-06-19,3,425,healthyalternativessection
Arizona - Green Tea,beverages,21-06-19,3,1005,healthyalternativessection
Arizona - Green Tea,beverages,22-06-19,2,695,beveragessection
Arizona - Green Tea,beverages,23-06-19,2,245,beveragessection
Arizona - Green Tea,beverages,24-06-19,3,595,healthyalternativessection
Arizona - Green Tea,beverages,25-06-19,3,955,healthyalternativessection
Arizona - Green Tea,beverages,26-06-19,1,1155,asidecoffeemaker
Arizona - Green Tea,beverages,27-06-19,2,625,beveragessection
Arizona - Green Tea,beverages,28-06-19,1,845,asidecoffeemaker
Arizona - Green Tea,beverages,29-06-19,1,340,asidecoffeemaker
Arizona - Green Tea,beverages,30-06-19,3,255,healthyalternativessection
Arizona - Green Tea,beverages,01-07-19,2,1130,beveragessection
Arizona - Green Tea,beverages,02-07-19,1,1230,asidecoffeemaker
Arizona - Green Tea,beverages,03-07-19,3,850,healthyalternativessection
Arizona - Green Tea,beverages,04-07-19,3,855,healthyalternativessection
Arizona - Green Tea,beverages,05-07-19,1,605,asidecoffeemaker
Arizona - Green Tea,beverages,06-07-19,2,510,beveragessection
Arizona - Green Tea,beverages,07-07-19,3,275,healthyalternativessection
Arizona - Green Tea,beverages,08-07-19,2,870,beveragessection
Arizona - Green Tea,beverages,09-07-19,2,1595,beveragessection
Arizona - Green Tea,beverages,10-07-19,3,960,healthyalternativessection
Arizona - Green Tea,beverages,11-07-19,2,660,beveragessection
Arizona - Green Tea,beverages,12-07-19,2,570,beveragessection
Arizona - Green Tea,beverages,13-07-19,2,510,beveragessection
Arizona - Green Tea,beverages,14-07-19,2,345,beveragessection
Arizona - Green Tea,beverages,15-07-19,1,720,asidecoffeemaker
Arizona - Green Tea,beverages,16-07-19,1,1505,asidecoffeemaker
Arizona - Green Tea,beverages,17-07-19,3,480,healthyalternativessection
Arizona - Green Tea,beverages,18-07-19,2,805,beveragessection
Arizona - Green Tea,beverages,19-07-19,1,950,asidecoffeemaker
Arizona - Green Tea,beverages,20-07-19,3,470,healthyalternativessection
Arizona - Green Tea,beverages,21-07-19,1,370,asidecoffeemaker
Arizona - Green Tea,beverages,22-07-19,2,525,beveragessection
Arizona - Green Tea,beverages,23-07-19,2,680,beveragessection
Arizona - Green Tea,beverages,24-07-19,2,825,beveragessection
Arizona - Green Tea,beverages,25-07-19,2,510,beveragessection
Arizona - Green Tea,beverages,26-07-19,2,660,beveragessection
Arizona - Green Tea,beverages,27-07-19,1,580,asidecoffeemaker
Arizona - Green Tea,beverages,28-07-19,2,180,beveragessection
Arizona - Green Tea,beverages,29-07-19,3,700,healthyalternativessection
Arizona - Green Tea,beverages,30-07-19,1,815,asidecoffeemaker
Arizona - Green Tea,beverages,31-07-19,1,535,asidecoffeemaker
Arizona - Green Tea,beverages,01-08-19,3,730,healthyalternativessection
Arizona - Green Tea,beverages,02-08-19,1,885,asidecoffeemaker
Arizona - Green Tea,beverages,03-08-19,1,530,asidecoffeemaker
Arizona - Green Tea,beverages,04-08-19,3,235,healthyalternativessection
Arizona - Green Tea,beverages,05-08-19,2,575,beveragessection
Arizona - Green Tea,beverages,06-08-19,1,505,asidecoffeemaker
Arizona - Green Tea,beverages,07-08-19,3,470,healthyalternativessection
Arizona - Green Tea,beverages,08-08-19,2,895,beveragessection
Arizona - Green Tea,beverages,09-08-19,3,525,healthyalternativessection
Arizona - Green Tea,beverages,10-08-19,3,445,healthyalternativessection
Arizona - Green Tea,beverages,11-08-19,3,195,healthyalternativessection
Arizona - Green Tea,beverages,12-08-19,2,400,beveragessection
Arizona - Green Tea,beverages,13-08-19,2,585,beveragessection
Arizona - Green Tea,beverages,14-08-19,1,1285,asidecoffeemaker
Arizona - Green Tea,beverages,15-08-19,2,860,beveragessection
Arizona - Green Tea,beverages,16-08-19,1,685,asidecoffeemaker
Arizona - Green Tea,beverages,17-08-19,2,375,beveragessection
Arizona - Green Tea,beverages,18-08-19,2,165,beveragessection
Arizona - Green Tea,beverages,19-08-19,1,710,asidecoffeemaker
Arizona - Green Tea,beverages,20-08-19,1,1055,asidecoffeemaker
Arizona - Green Tea,beverages,21-08-19,1,525,asidecoffeemaker
Arizona - Green Tea,beverages,22-08-19,3,525,healthyalternativessection
Arizona - Green Tea,beverages,23-08-19,3,525,healthyalternativessection
Arizona - Green Tea,beverages,24-08-19,1,355,asidecoffeemaker
Arizona - Green Tea,beverages,25-08-19,3,395,healthyalternativessection
Arizona - Green Tea,beverages,26-08-19,2,530,beveragessection
Arizona - Green Tea,beverages,27-08-19,3,925,healthyalternativessection
Arizona - Green Tea,beverages,28-08-19,1,700,asidecoffeemaker
Arizona - Green Tea,beverages,29-08-19,2,900,beveragessection
Arizona - Green Tea,beverages,30-08-19,2,530,beveragessection
Arizona - Green Tea,beverages,31-08-19,1,360,asidecoffeemaker
Arizona - Green Tea,beverages,01-09-19,1,365,asidecoffeemaker
Arizona - Green Tea,beverages,02-09-19,2,385,beveragessection
Arizona - Green Tea,beverages,03-09-19,2,580,beveragessection
Arizona - Green Tea,beverages,04-09-19,1,335,asidecoffeemaker
Arizona - Green Tea,beverages,05-09-19,1,375,asidecoffeemaker
Arizona - Green Tea,beverages,06-09-19,1,460,asidecoffeemaker
Arizona - Green Tea,beverages,07-09-19,2,290,beveragessection
Arizona - Green Tea,beverages,08-09-19,1,230,asidecoffeemaker
Arizona - Green Tea,beverages,09-09-19,1,580,asidecoffeemaker
Arizona - Green Tea,beverages,10-09-19,1,615,asidecoffeemaker
Arizona - Green Tea,beverages,11-09-19,2,310,beveragessection
Arizona - Green Tea,beverages,12-09-19,1,585,asidecoffeemaker
Arizona - Green Tea,beverages,13-09-19,2,510,beveragessection
Arizona - Green Tea,beverages,14-09-19,1,265,asidecoffeemaker
Arizona - Green Tea,beverages,15-09-19,3,175,healthyalternativessection
Arizona - Green Tea,beverages,16-09-19,1,340,asidecoffeemaker
Arizona - Green Tea,beverages,17-09-19,1,285,asidecoffeemaker
Arizona - Green Tea,beverages,18-09-19,1,410,asidecoffeemaker
Arizona - Green Tea,beverages,19-09-19,1,270,asidecoffeemaker
Arizona - Green Tea,beverages,20-09-19,3,760,healthyalternativessection
Arizona - Green Tea,beverages,21-09-19,1,325,asidecoffeemaker
Arizona - Green Tea,beverages,22-09-19,1,215,asidecoffeemaker
Arizona - Green Tea,beverages,23-09-19,2,415,beveragessection
Arizona - Green Tea,beverages,24-09-19,2,495,beveragessection
Arizona - Green Tea,beverages,25-09-19,3,460,healthyalternativessection
Arizona - Green Tea,beverages,26-09-19,3,595,healthyalternativessection
Arizona - Green Tea,beverages,27-09-19,3,405,healthyalternativessection
Arizona - Green Tea,beverages,28-09-19,3,190,healthyalternativessection
Arizona - Green Tea,beverages,29-09-19,1,140,asidecoffeemaker
Arizona - Green Tea,beverages,30-09-19,3,375,healthyalternativessection
Arizona - Green Tea,beverages,01-10-19,1,340,asidecoffeemaker
Arizona - Green Tea,beverages,02-10-19,2,380,beveragessection
Arizona - Green Tea,beverages,03-10-19,1,290,asidecoffeemaker
Arizona - Green Tea,beverages,04-10-19,2,575,beveragessection
Arizona - Green Tea,beverages,05-10-19,1,140,asidecoffeemaker
Arizona - Green Tea,beverages,06-10-19,2,70,beveragessection
Arizona - Green Tea,beverages,07-10-19,1,260,asidecoffeemaker
Arizona - Green Tea,beverages,08-10-19,1,290,asidecoffeemaker
Arizona - Green Tea,beverages,09-10-19,3,330,healthyalternativessection
Arizona - Green Tea,beverages,10-10-19,2,240,beveragessection
Arizona - Green Tea,beverages,11-10-19,3,305,healthyalternativessection
Arizona - Green Tea,beverages,12-10-19,1,215,asidecoffeemaker
Arizona - Green Tea,beverages,13-10-19,1,130,asidecoffeemaker
Arizona - Green Tea,beverages,14-10-19,1,200,asidecoffeemaker
Arizona - Green Tea,beverages,15-10-19,1,280,asidecoffeemaker
Arizona - Green Tea,beverages,16-10-19,3,390,healthyalternativessection
Arizona - Green Tea,beverages,17-10-19,2,190,beveragessection
Arizona - Green Tea,beverages,18-10-19,2,330,beveragessection
Arizona - Green Tea,beverages,19-10-19,1,265,asidecoffeemaker
Arizona - Green Tea,beverages,20-10-19,2,150,beveragessection
Arizona - Green Tea,beverages,21-10-19,3,242,healthyalternativessection
Arizona - Green Tea,beverages,22-10-19,1,192,asidecoffeemaker
Arizona - Green Tea,beverages,23-10-19,1,350,asidecoffeemaker
Arizona - Green Tea,beverages,24-10-19,3,140,healthyalternativessection
Arizona - Green Tea,beverages,25-10-19,2,171,beveragessection
Arizona - Green Tea,beverages,26-10-19,2,210,beveragessection
Arizona - Green Tea,beverages,27-10-19,1,40,asidecoffeemaker
Arizona - Green Tea,beverages,28-10-19,3,50,healthyalternativessection
Arizona - Green Tea,beverages,29-10-19,3,165,healthyalternativessection
Arizona - Green Tea,beverages,30-10-19,3,190,healthyalternativessection
Arizona - Green Tea,beverages,31-10-19,2,200,beveragessection
Arizona - Green Tea,beverages,01-11-19,1,225,asidecoffeemaker
Arizona - Green Tea,beverages,02-11-19,1,50,asidecoffeemaker
Arizona - Green Tea,beverages,03-11-19,3,165,healthyalternativessection
Arizona - Green Tea,beverages,04-11-19,2,190,beveragessection
Arizona - Green Tea,beverages,05-11-19,2,200,beveragessection
Arizona - Green Tea,beverages,06-11-19,1,65,asidecoffeemaker
Arizona - Green Tea,beverages,07-11-19,3,145,healthyalternativessection
Arizona - Green Tea,beverages,08-11-19,2,70,beveragessection
Arizona - Green Tea,beverages,09-11-19,1,95,asidecoffeemaker
Arizona - Green Tea,beverages,10-11-19,2,45,beveragessection
Arizona - Green Tea,beverages,11-11-19,1,120,asidecoffeemaker
Arizona - Green Tea,beverages,12-11-19,1,85,asidecoffeemaker
Arizona - Green Tea,beverages,13-11-19,2,95,beveragessection
Arizona - Green Tea,beverages,14-11-19,2,45,beveragessection
Arizona - Green Tea,beverages,15-11-19,2,45,beveragessection
Arizona - Green Tea,beverages,16-11-19,3,20,healthyalternativessection
Arizona - Green Tea,beverages,17-11-19,1,45,asidecoffeemaker
Arizona - Green Tea,beverages,18-11-19,3,235,healthyalternativessection
Arizona - Green Tea,beverages,19-11-19,1,140,asidecoffeemaker
Arizona - Green Tea,beverages,20-11-19,3,100,healthyalternativessection
Arizona - Green Tea,beverages,21-11-19,3,255,healthyalternativessection
Arizona - Green Tea,beverages,22-11-19,3,90,healthyalternativessection
Arizona - Green Tea,beverages,23-11-19,2,138,beveragessection
Arizona - Green Tea,beverages,24-11-19,3,162,healthyalternativessection
Arizona - Green Tea,beverages,25-11-19,2,168,beveragessection
Arizona - Green Tea,beverages,26-11-19,3,100,healthyalternativessection
Arizona - Green Tea,beverages,27-11-19,1,187,asidecoffeemaker
Arizona - Green Tea,beverages,28-11-19,2,270,beveragessection
Arizona - Green Tea,beverages,29-11-19,2,138,beveragessection
Arizona - Green Tea,beverages,30-11-19,2,46,beveragessection
Arizona - Green Tea,beverages,01-12-19,1,138,asidecoffeemaker
Arizona - Green Tea,beverages,02-12-19,1,115,asidecoffeemaker
Arizona - Green Tea,beverages,03-12-19,2,168,beveragessection
Arizona - Green Tea,beverages,04-12-19,3,697,healthyalternativessection
Arizona - Green Tea,beverages,05-12-19,2,231,beveragessection
Arizona - Green Tea,beverages,06-12-19,2,189,beveragessection
Arizona - Green Tea,beverages,07-12-19,3,189,healthyalternativessection
Arizona - Green Tea,beverages,08-12-19,3,84,healthyalternativessection
Arizona - Green Tea,beverages,09-12-19,3,273,healthyalternativessection
Arizona - Green Tea,beverages,10-12-19,3,147,healthyalternativessection
Arizona - Green Tea,beverages,11-12-19,2,273,beveragessection
Arizona - Green Tea,beverages,12-12-19,3,189,healthyalternativessection
Arizona - Green Tea,beverages,13-12-19,3,273,healthyalternativessection
Arizona - Green Tea,beverages,14-12-19,2,126,beveragessection
Arizona - Green Tea,beverages,15-12-19,2,150,beveragessection
Arizona - Green Tea,beverages,16-12-19,2,252,beveragessection
Arizona - Green Tea,beverages,17-12-19,2,125,beveragessection
Arizona - Green Tea,beverages,18-12-19,2,400,beveragessection
Arizona - Green Tea,beverages,19-12-19,2,315,beveragessection
Arizona - Green Tea,beverages,20-12-19,3,250,healthyalternativessection
Arizona - Green Tea,beverages,21-12-19,3,200,healthyalternativessection
Arizona - Green Tea,beverages,22-12-19,2,189,beveragessection
Arizona - Green Tea,beverages,23-12-19,2,125,beveragessection
Arizona - Green Tea,beverages,24-12-19,3,175,healthyalternativessection
Arizona - Green Tea,beverages,25-12-19,2,322,beveragessection
Arizona - Green Tea,beverages,26-12-19,3,207,healthyalternativessection
Arizona - Green Tea,beverages,27-12-19,2,184,beveragessection
Arizona - Green Tea,beverages,28-12-19,1,69,asidecoffeemaker
Arizona - Green Tea,beverages,29-12-19,3,115,healthyalternativessection
Arizona - Green Tea,beverages,30-12-19,3,345,healthyalternativessection
Arizona - Green Tea,beverages,31-12-19,1,207,asidecoffeemaker
Arizona - Green Tea,beverages,01-01-20,2,184,beveragessection
Arizona - Green Tea,beverages,02-01-20,1,460,asidecoffeemaker
Arizona - Green Tea,beverages,03-01-20,3,365,healthyalternativessection
Arizona - Green Tea,beverages,04-01-20,3,322,healthyalternativessection
Arizona - Green Tea,beverages,05-01-20,1,161,asidecoffeemaker
Arizona - Green Tea,beverages,06-01-20,3,506,healthyalternativessection
Arizona - Green Tea,beverages,07-01-20,2,393,beveragessection
Arizona - Green Tea,beverages,08-01-20,1,437,asidecoffeemaker
Arizona - Green Tea,beverages,09-01-20,1,368,asidecoffeemaker
Arizona - Green Tea,beverages,10-01-20,2,506,beveragessection
Arizona - Green Tea,beverages,11-01-20,3,184,healthyalternativessection
Arizona - Green Tea,beverages,12-01-20,1,184,asidecoffeemaker
Arizona - Green Tea,beverages,13-01-20,3,460,healthyalternativessection
Arizona - Green Tea,beverages,14-01-20,3,276,healthyalternativessection
Arizona - Green Tea,beverages,15-01-20,3,391,healthyalternativessection
Arizona - Green Tea,beverages,16-01-20,1,434,asidecoffeemaker
Arizona - Green Tea,beverages,17-01-20,2,391,beveragessection
Arizona - Green Tea,beverages,18-01-20,3,184,healthyalternativessection
Arizona - Green Tea,beverages,19-01-20,2,161,beveragessection
Arizona - Green Tea,beverages,20-01-20,3,161,healthyalternativessection
Arizona - Green Tea,beverages,21-01-20,3,138,healthyalternativessection
Arizona - Green Tea,beverages,22-01-20,2,299,beveragessection
Arizona - Green Tea,beverages,23-01-20,3,162,healthyalternativessection
Arizona - Green Tea,beverages,24-01-20,3,92,healthyalternativessection
Arizona - Green Tea,beverages,25-01-20,3,46,healthyalternativessection
Arizona - Green Tea,beverages,26-01-20,2,92,beveragessection
Arizona - Green Tea,beverages,27-01-20,2,184,beveragessection
Arizona - Green Tea,beverages,28-01-20,2,253,beveragessection
Arizona - Green Tea,beverages,29-01-20,3,276,healthyalternativessection
Arizona - Green Tea,beverages,30-01-20,2,530,beveragessection
Arizona - Green Tea,beverages,31-01-20,3,391,healthyalternativessection
Arizona - Green Tea,beverages,01-02-20,3,368,healthyalternativessection
Arizona - Green Tea,beverages,02-02-20,1,161,asidecoffeemaker
Arizona - Green Tea,beverages,03-02-20,1,253,asidecoffeemaker
Arizona - Green Tea,beverages,04-02-20,3,391,healthyalternativessection
Arizona - Green Tea,beverages,05-02-20,2,299,beveragessection
Arizona - Green Tea,beverages,06-02-20,3,391,healthyalternativessection
Arizona - Green Tea,beverages,07-02-20,2,276,beveragessection
Arizona - Green Tea,beverages,08-02-20,1,69,asidecoffeemaker
Arizona - Green Tea,beverages,09-02-20,3,184,healthyalternativessection
Arizona - Green Tea,beverages,10-02-20,3,207,healthyalternativessection
Arizona - Green Tea,beverages,11-02-20,1,276,asidecoffeemaker
Arizona - Green Tea,beverages,12-02-20,1,184,asidecoffeemaker
Arizona - Green Tea,beverages,13-02-20,2,276,beveragessection
Arizona - Green Tea,beverages,14-02-20,1,299,asidecoffeemaker
Arizona - Green Tea,beverages,15-02-20,1,207,asidecoffeemaker
Arizona - Green Tea,beverages,16-02-20,2,115,beveragessection
Arizona - Green Tea,beverages,17-02-20,1,460,asidecoffeemaker
Arizona - Green Tea,beverages,18-02-20,3,393,healthyalternativessection
Arizona - Green Tea,beverages,19-02-20,1,460,asidecoffeemaker
Arizona - Green Tea,beverages,20-02-20,3,529,healthyalternativessection
Arizona - Green Tea,beverages,21-02-20,3,207,healthyalternativessection
Arizona - Green Tea,beverages,22-02-20,2,207,beveragessection
Arizona - Green Tea,beverages,23-02-20,2,138,beveragessection
Arizona - Green Tea,beverages,24-02-20,1,368,asidecoffeemaker
Arizona - Green Tea,beverages,25-02-20,1,393,asidecoffeemaker
Arizona - Green Tea,beverages,26-02-20,3,276,healthyalternativessection
Arizona - Green Tea,beverages,27-02-20,3,506,healthyalternativessection
Arizona - Green Tea,beverages,28-02-20,2,391,beveragessection
Arizona - Green Tea,beverages,29-02-20,3,253,healthyalternativessection
Arizona - Green Tea,beverages,01-03-20,3,138,healthyalternativessection
Arizona - Green Tea,beverages,02-03-20,2,460,beveragessection
Arizona - Green Tea,beverages,03-03-20,1,621,asidecoffeemaker
Arizona - Green Tea,beverages,04-03-20,1,690,asidecoffeemaker
Arizona - Green Tea,beverages,05-03-20,3,345,healthyalternativessection
Arizona - Green Tea,beverages,06-03-20,3,437,healthyalternativessection
Arizona - Green Tea,beverages,07-03-20,1,345,asidecoffeemaker
Arizona - Green Tea,beverages,08-03-20,3,278,healthyalternativessection
Arizona - Green Tea,beverages,09-03-20,3,621,healthyalternativessection
Arizona - Green Tea,beverages,10-03-20,1,414,asidecoffeemaker
Arizona - Green Tea,beverages,11-03-20,1,437,asidecoffeemaker
Arizona - Green Tea,beverages,12-03-20,3,391,healthyalternativessection
Arizona - Green Tea,beverages,13-03-20,1,667,asidecoffeemaker
Arizona - Green Tea,beverages,14-03-20,2,483,beveragessection
Arizona - Green Tea,beverages,15-03-20,1,230,asidecoffeemaker
Arizona - Green Tea,beverages,16-03-20,2,598,beveragessection
Arizona - Green Tea,beverages,17-03-20,1,529,asidecoffeemaker
Arizona - Green Tea,beverages,18-03-20,3,336,healthyalternativessection
Arizona - Green Tea,beverages,19-03-20,2,441,beveragessection
Arizona - Green Tea,beverages,20-03-20,3,422,healthyalternativessection
Arizona - Green Tea,beverages,21-03-20,1,357,asidecoffeemaker
Arizona - Green Tea,beverages,22-03-20,2,147,beveragessection
Arizona - Green Tea,beverages,23-03-20,3,568,healthyalternativessection
Arizona - Green Tea,beverages,24-03-20,2,525,beveragessection
Arizona - Green Tea,beverages,25-03-20,1,336,asidecoffeemaker
Arizona - Green Tea,beverages,26-03-20,1,630,asidecoffeemaker
Arizona - Green Tea,beverages,27-03-20,3,399,healthyalternativessection
Arizona - Green Tea,beverages,28-03-20,2,378,beveragessection
Arizona - Green Tea,beverages,29-03-20,3,399,healthyalternativessection
Arizona - Green Tea,beverages,30-03-20,3,525,healthyalternativessection
Arizona - Green Tea,beverages,31-03-20,1,567,asidecoffeemaker
Arizona - Green Tea,beverages,01-04-20,3,443,healthyalternativessection
Arizona - Green Tea,beverages,02-04-20,2,609,beveragessection
Arizona - Green Tea,beverages,03-04-20,3,378,healthyalternativessection
Arizona - Green Tea,beverages,04-04-20,1,210,asidecoffeemaker
Arizona - Green Tea,beverages,05-04-20,2,126,beveragessection
Arizona - Green Tea,beverages,06-04-20,2,210,beveragessection
Arizona - Green Tea,beverages,07-04-20,3,105,healthyalternativessection
Arizona - Green Tea,beverages,08-04-20,3,233,healthyalternativessection
Arizona - Green Tea,beverages,09-04-20,2,252,beveragessection
Arizona - Green Tea,beverages,10-04-20,3,231,healthyalternativessection
Arizona - Green Tea,beverages,11-04-20,2,126,beveragessection
Arizona - Green Tea,beverages,12-04-20,3,84,healthyalternativessection
Arizona - Green Tea,beverages,13-04-20,2,294,beveragessection
Arizona - Green Tea,beverages,14-04-20,2,105,beveragessection
Arizona - Green Tea,beverages,15-04-20,3,338,healthyalternativessection
Arizona - Green Tea,beverages,16-04-20,1,210,asidecoffeemaker
Arizona - Green Tea,beverages,17-04-20,2,210,beveragessection
Arizona - Green Tea,beverages,18-04-20,3,168,healthyalternativessection
Arizona - Green Tea,beverages,19-04-20,1,63,asidecoffeemaker
Arizona - Green Tea,beverages,20-04-20,3,273,healthyalternativessection
Arizona - Green Tea,beverages,21-04-20,1,105,asidecoffeemaker
Arizona - Green Tea,beverages,22-04-20,1,210,asidecoffeemaker
Arizona - Green Tea,beverages,23-04-20,1,126,asidecoffeemaker
Arizona - Green Tea,beverages,24-04-20,1,189,asidecoffeemaker
Arizona - Green Tea,beverages,25-04-20,2,126,beveragessection
Arizona - Green Tea,beverages,26-04-20,1,147,asidecoffeemaker
Arizona - Green Tea,beverages,27-04-20,3,252,healthyalternativessection
Arizona - Green Tea,beverages,28-04-20,3,231,healthyalternativessection
Arizona - Green Tea,beverages,29-04-20,3,147,healthyalternativessection
Arizona - Green Tea,beverages,30-04-20,3,105,healthyalternativessection
Arizona - Green Tea,beverages,01-05-20,2,147,beveragessection
Arizona - Green Tea,beverages,02-05-20,2,294,beveragessection
Arizona - Green Tea,beverages,03-05-20,3,168,healthyalternativessection
Arizona - Green Tea,beverages,04-05-20,1,210,asidecoffeemaker
Arizona - Green Tea,beverages,05-05-20,1,189,asidecoffeemaker
Arizona - Green Tea,beverages,06-05-20,1,189,asidecoffeemaker
Arizona - Green Tea,beverages,07-05-20,3,105,healthyalternativessection
Arizona - Green Tea,beverages,08-05-20,2,231,beveragessection
Arizona - Green Tea,beverages,09-05-20,2,147,beveragessection
Arizona - Green Tea,beverages,10-05-20,3,189,healthyalternativessection
Arizona - Green Tea,beverages,11-05-20,1,105,asidecoffeemaker
Arizona - Green Tea,beverages,12-05-20,1,315,asidecoffeemaker
Arizona - Green Tea,beverages,13-05-20,2,210,beveragessection
Arizona - Green Tea,beverages,14-05-20,2,231,beveragessection
Arizona - Green Tea,beverages,15-05-20,1,294,asidecoffeemaker
Arizona - Green Tea,beverages,16-05-20,1,231,asidecoffeemaker
Arizona - Green Tea,beverages,17-05-20,3,273,healthyalternativessection
Arizona - Green Tea,beverages,18-05-20,2,273,beveragessection
Arizona - Green Tea,beverages,19-05-20,2,147,beveragessection
Arizona - Green Tea,beverages,20-05-20,2,399,beveragessection
Arizona - Green Tea,beverages,21-05-20,3,316,healthyalternativessection
Arizona - Green Tea,beverages,22-05-20,2,21,beveragessection
